rssi,node,sequence
-65.0,192.168.4.11,1008
-56.0,192.168.4.10,1008
-54.99950024987506,192.168.4.10,1024
-63.99950024987506,192.168.4.11,1024
-64.33355548150617,192.168.4.11,1040
-55.33355548150617,192.168.4.10,1040
-55.24987518715686,192.168.4.10,1056
-64.75162256646209,192.168.4.11,1056
-64.60039808542558,192.168.4.11,1072
-55.19960095752647,192.168.4.10,1072
-64.83579688869845,192.168.4.11,1136
-55.16603010709781,192.168.4.10,1136
-64.71485131815908,192.168.4.11,1168
-55.28671129875287,192.168.4.10,1168
-55.37742479694805,192.168.4.10,1184
-54.99370272160733,192.168.4.10,1232
-54.685865466315306,192.168.4.10,1248
-54.433227661126935,192.168.4.10,1264
-54.22199996068144,192.168.4.10,1280
-54.12335823967834,192.168.4.10,1296
-54.03849114230112,192.168.4.10,1328
-53.46691611312383,192.168.4.10,1344
-53.502768848776725,192.168.4.10,1360
-53.59843325702173,192.168.4.10,1376
-53.56196498103382,192.168.4.10,1392
-53.52918733561522,192.168.4.10,1408
-53.61155915318066,192.168.4.10,1424
-53.68643783073647,192.168.4.10,1440
-53.70276496464823,192.168.4.10,1456
-53.76813960622326,192.168.4.10,1472
-53.97500568449566,192.168.4.10,1488
-54.11873200752169,192.168.4.10,1504
-54.29831172695231,192.168.4.10,1520
-54.37511719477151,192.168.4.10,1536
-54.4026747152136,192.168.4.10,1552
-54.471605757181145,192.168.4.10,1568
-54.53623681778536,192.168.4.10,1616
-54.51398787403043,192.168.4.10,1632
-54.49303823956816,192.168.4.10,1648
-54.51335984822681,192.168.4.10,1664
-54.53256447945532,192.168.4.10,1680
-54.628523253149005,192.168.4.10,1696
-77.0,192.168.4.9,1696
-54.68113296927377,192.168.4.10,1728
-75.99950024987507,192.168.4.9,1728
-54.65533889344665,192.168.4.10,1744
-76.33355548150617,192.168.4.9,1744
-76.24987518715686,192.168.4.9,1760
-76.40079832410945,192.168.4.9,1776
-76.33338812348977,192.168.4.9,1808
-76.14043767161976,192.168.4.9,1840
-75.99540089971336,192.168.4.9,1856
-75.99592342098705,192.168.4.9,1872
-76.09917087303212,192.168.4.9,1888
-75.90171871888319,192.168.4.9,1904
-75.73663113653267,192.168.4.9,1920
-75.5964475935155,192.168.4.9,1936
-75.55138736765755,192.168.4.9,1952
-75.4410763323853,192.168.4.9,1968
-75.41141159567673,192.168.4.9,1984
-75.57680741828378,192.168.4.9,2000
-75.72447577528936,192.168.4.9,2016
-75.74054623456458,192.168.4.9,2032
-75.81108104726417,192.168.4.9,2048
-75.65947931946748,192.168.4.9,2080
-75.67721017891343,192.168.4.9,2128
-75.54229117726926,192.168.4.9,2144
-75.41801632962976,192.168.4.9,2160
-75.35064222846073,192.168.4.9,2176
-75.24188197982889,192.168.4.9,2192
-75.36636926001707,192.168.4.9,2208
-75.48251317107805,192.168.4.9,2224
-75.67746098612744,192.168.4.9,2256
-75.86024777839802,192.168.4.9,2272
-75.99051889792194,192.168.4.9,2288
-76.07242334873567,192.168.4.9,2304
-75.98935006874667,192.168.4.9,2320
-75.95030663355756,192.168.4.9,2336
-75.95223921273332,192.168.4.9,2352
-75.95407131194008,192.168.4.9,2368
-75.955810602381,192.168.4.9,2384
-76.10712422767877,192.168.4.9,2400
-76.17714916813314,192.168.4.9,2432
-76.13406169164774,192.168.4.9,2448
-76.12920323120997,192.168.4.9,2464
-76.19637123722815,192.168.4.9,2480
-76.11820232285429,192.168.4.9,2496
-76.04343304983979,192.168.4.9,2512
-76.00688468951675,192.168.4.9,2528
-76.07619371547526,192.168.4.9,2544
-76.10810071478319,192.168.4.9,2560
-75.9327959275799,192.168.4.9,2576
-75.8668603318252,192.168.4.9,2640
-75.90529974721836,192.168.4.9,2656
-75.80726194055232,192.168.4.9,2688
-75.74657800939173,192.168.4.9,2704
-75.78847008286523,192.168.4.9,2720
-75.72895568914731,192.168.4.9,2736
-75.63851604938954,192.168.4.9,2752
-75.6834635905359,192.168.4.9,2768
-75.75966552119974,192.168.4.9,2784
-75.89867885505487,192.168.4.9,2832
-76.03270816604592,192.168.4.9,2848
-76.19455342272212,192.168.4.9,2864
-76.31819645653793,192.168.4.9,2880
-76.30788505634608,192.168.4.9,2896
-76.23328060508042,192.168.4.9,2912
-76.29025924683273,192.168.4.9,2928
-74.0,192.168.4.5,2928
-73.49975012493753,192.168.4.5,2944
-76.24873735758408,192.168.4.9,2944
-76.20863363217813,192.168.4.9,2960
-74.00066611162913,192.168.4.5,2992
-76.20194610207768,192.168.4.9,2992
-76.2594772384469,192.168.4.9,3008
-76.2192465691832,192.168.4.9,3024
-74.00049900174702,192.168.4.5,3040
-76.14847087845871,192.168.4.9,3040
-76.14374292006846,192.168.4.9,3056
-73.39680650416068,192.168.4.5,3056
-76.10737200796079,192.168.4.9,3072
-74.00282699330748,192.168.4.5,3072
-73.85771101537324,192.168.4.5,3088
-76.0404455936372,192.168.4.9,3088
-75.97572435208302,192.168.4.9,3104
-74.00298323062653,192.168.4.5,3104
-76.03985855413305,192.168.4.9,3152
-73.88903049150537,192.168.4.5,3152
-76.13354170321173,192.168.4.9,3168
-73.79761302897623,192.168.4.5,3168
-73.9107119198761,192.168.4.5,3184
-76.19255163913591,192.168.4.9,3184
-73.83165331484831,192.168.4.5,3200
-76.28122712137998,192.168.4.9,3200
-76.30390977328312,192.168.4.9,3216
-76.29432722418741,192.168.4.9,3232
-73.76452097696442,192.168.4.5,3232
-73.78231086844549,192.168.4.5,3248
-76.31656013892064,192.168.4.9,3248
-76.33807660963427,192.168.4.9,3264
-73.72668483744766,192.168.4.5,3264
-73.81232207588181,192.168.4.5,3280
-76.2645191179285,192.168.4.9,3280
-76.2876427230967,192.168.4.9,3312
-76.34144639646253,192.168.4.9,3328
-73.95210203829473,192.168.4.5,3328
-74.01596050810109,192.168.4.5,3344
-76.3307240508465,192.168.4.9,3344
-76.32034403281659,192.168.4.9,3360
-74.01502958198844,192.168.4.5,3360
-76.27892510104309,192.168.4.9,3376
-74.07019214996494,192.168.4.5,3376
-74.01247663899913,192.168.4.5,3408
-76.27017944569879,192.168.4.9,3408
-73.95975713617679,192.168.4.5,3424
-74.012180561786,192.168.4.5,3488
-73.81605309516209,192.168.4.5,3536
-73.87230587369402,192.168.4.5,3552
-73.97075068991816,192.168.4.5,3584
-73.9269359900957,192.168.4.5,3600
-73.84195753094568,192.168.4.5,3648
-73.93508578567184,192.168.4.5,3664
-74.10697842277877,192.168.4.5,3680
-74.18552157610496,192.168.4.5,3696
-74.21871890647039,192.168.4.5,3712
-74.16986644733994,192.168.4.5,3728
-74.20262660634276,192.168.4.5,3744
-74.19474644068069,192.168.4.5,3776
-74.11055617826818,192.168.4.5,3808
-74.03063074732377,192.168.4.5,3872
-74.10431483376834,192.168.4.5,3920
-74.24843159292568,192.168.4.5,3936
-74.23933819107977,192.168.4.5,3952
-74.23066445946921,192.168.4.5,3968
-74.29418966018432,192.168.4.5,4016
-74.24812941362137,192.168.4.5,4032
-74.16877391481685,192.168.4.5,4048
-74.12783523630608,192.168.4.5,4064
-74.15816408377869,192.168.4.5,4080
-74.11816268820621,192.168.4.5,4096
-74.11410746571394,192.168.4.5,4128
-74.07610069094875,192.168.4.5,4144
-74.20921084474344,192.168.4.5,4176
-74.2021511352009,192.168.4.5,4208
-74.22894116740466,192.168.4.5,4224
-74.18786729598284,192.168.4.5,4240
-78.0,192.168.4.12,4272
-75.99900049975012,192.168.4.12,4288
-74.11506227849713,192.168.4.5,4304
-74.11124902822768,192.168.4.5,4336
-74.14058993294762,192.168.4.5,4352
-76.66711096301233,192.168.4.12,4352
-74.13596525954351,192.168.4.5,4368
-74.19707498685115,192.168.4.5,4384
-77.25237144327157,192.168.4.12,4400
-74.19063466585025,192.168.4.5,4400
-74.11925898637944,192.168.4.5,4416
-77.20159497348459,192.168.4.12,4416
-74.18036627563541,192.168.4.5,4432
-74.17452136815457,192.168.4.5,4464
-74.20120570418379,192.168.4.5,4496
-74.25921879673382,192.168.4.5,4512
-74.25087686529983,192.168.4.5,4528
-77.50406840298857,192.168.4.12,4576
-74.2107044287038,192.168.4.5,4576
-77.43112623077582,192.168.4.12,4592
-74.17189658058659,192.168.4.5,4592
-74.102403848193,192.168.4.5,4608
-74.13107518326235,192.168.4.5,4656
-74.06311143368372,192.168.4.5,4688
-74.06110169119749,192.168.4.5,4736
-73.9955588606014,192.168.4.5,4768
-74.09097460672817,192.168.4.5,4832
-74.11980813810989,192.168.4.5,4848
-74.17937739928604,192.168.4.5,4864
-74.20534862763641,192.168.4.5,4880
-74.26208831620681,192.168.4.5,4896
-77.24912073072294,192.168.4.12,4912
-74.31698163456888,192.168.4.5,4944
-77.33443098005777,192.168.4.12,4944
-74.3385359645768,192.168.4.5,4960
-74.39092342325645,192.168.4.5,4976
-77.50569855178351,192.168.4.12,5008
-74.3471010130266,192.168.4.5,5024
-74.36765597730684,192.168.4.5,5072
-77.08188365590019,192.168.4.12,5072
-76.90115601407024,192.168.4.12,5088
-74.48193200839188,192.168.4.5,5104
-77.15129947865901,192.168.4.12,5120
-77.13986915560183,192.168.4.12,5152
-74.40389977503901,192.168.4.5,5184
-74.4226297341601,192.168.4.5,5216
-77.3432380891365,192.168.4.12,5216
-77.52191950275238,192.168.4.12,5232
-74.44076073101024,192.168.4.5,5232
-74.48969860439327,192.168.4.5,5280
-74.50570665847859,192.168.4.5,5296
-74.52120515319191,192.168.4.5,5344
-74.56755180302392,192.168.4.5,5360
-74.58109939402364,192.168.4.5,5392
-77.48857186612223,192.168.4.12,5392
-77.58067767353754,192.168.4.12,5408
-74.62553270822843,192.168.4.5,5408
-74.66855864995615,192.168.4.5,5424
-74.61634470041754,192.168.4.5,5440
-74.5970638104956,192.168.4.5,5456
-77.48848172885609,192.168.4.12,5456
-74.54711873206827,192.168.4.5,5472
-74.49874949403728,192.168.4.5,5504
-74.45190511662442,192.168.4.5,5536
-74.40653638280747,192.168.4.5,5568
-74.45631666075202,192.168.4.5,5600
-74.56699767798347,192.168.4.5,5616
-77.51712894595745,192.168.4.12,5616
-74.54929216453509,192.168.4.5,5632
-74.56336355257349,192.168.4.5,5648
-77.48924015855407,192.168.4.12,5648
-74.63942286371336,192.168.4.5,5680
-77.56790519106656,192.168.4.12,5696
-77.69047151257159,192.168.4.12,5728
-74.71309522367861,192.168.4.5,5728
-77.55895316396827,192.168.4.12,5744
-74.62843473542675,192.168.4.5,5744
-74.48402929599327,192.168.4.5,5760
-74.37534446179949,192.168.4.5,5824
-74.45720998080482,192.168.4.5,5888
-77.57990858847938,192.168.4.12,5920
-74.47413798259024,192.168.4.5,5920
-74.4905361058281,192.168.4.5,5936
-74.41288156771215,192.168.4.5,5952
-77.50680888456948,192.168.4.12,5968
-74.49353909941439,192.168.4.5,5968
-77.66447358852965,192.168.4.12,6016
-77.50286919650532,192.168.4.12,6064
-74.57167433956903,192.168.4.5,6064
-77.56747644164787,192.168.4.12,6096
-74.61619619612196,192.168.4.5,6096
-77.83948794777022,192.168.4.12,6112
-74.62815858078042,192.168.4.5,6112
-74.63974718188746,192.168.4.5,6128
-74.68213682944727,192.168.4.5,6144
-77.92912951943708,192.168.4.12,6144
-74.66088087464078,192.168.4.5,6160
-77.93201812972728,192.168.4.12,6160
-74.64028865532696,192.168.4.5,6208
-74.58918253773707,192.168.4.5,6224
-74.60198153124227,192.168.4.5,6240
-74.58322787378756,192.168.4.5,6320
-77.97482828093815,192.168.4.12,6320
-74.53390781275489,192.168.4.5,6336
-74.54842661381934,192.168.4.5,6400
-74.59364113997484,192.168.4.5,6448
-78.01528537174485,192.168.4.12,6448
-74.63744540703539,192.168.4.5,6512
-74.52415342535885,192.168.4.5,6656
-74.50782874749927,192.168.4.5,6704
-74.52315679889803,192.168.4.5,6720
-74.5380069804073,192.168.4.5,6736
-77.97580083875074,192.168.4.12,6736
-74.5835359497811,192.168.4.5,6784
-74.59650497182218,192.168.4.5,6800
-74.51564997896891,192.168.4.5,6816
-74.46845396576644,192.168.4.5,6864
-74.29817525237542,192.168.4.5,6880
-77.8616494047363,192.168.4.12,6880
-74.35116607812354,192.168.4.5,6912
-77.75328054716196,192.168.4.12,6928
-74.43364277210078,192.168.4.5,6976
-74.45127707095929,192.168.4.5,6992
-74.4372262147597,192.168.4.5,7040
-74.45474829466497,192.168.4.5,7056
-74.44058984745627,192.168.4.5,7072
-77.72509650352532,192.168.4.12,7072
-77.7352662680988,192.168.4.12,7120
-74.55140924258204,192.168.4.5,7120
-77.78155962361295,192.168.4.12,7136
-74.59650929652442,192.168.4.5,7136
-77.64451407690534,192.168.4.12,7168
-74.70247124179235,192.168.4.5,7168
-74.68060126745628,192.168.4.5,7184
-74.69054495862078,192.168.4.5,7216
-74.70017896745217,192.168.4.5,7232
-74.61611742185507,192.168.4.5,7248
-77.62137381596487,192.168.4.12,7264
-74.62806827341267,192.168.4.5,7264
-74.57738449790624,192.168.4.5,7280
-74.52827900648143,192.168.4.5,7344
-74.51183331156211,192.168.4.5,7376
-77.74161921729075,192.168.4.12,7376
-74.49589970716747,192.168.4.5,7424
-74.51159246402156,192.168.4.5,7456
-74.46453657066311,192.168.4.5,7488
-77.78603811688473,192.168.4.12,7520
-74.38781601071886,192.168.4.5,7520
-77.82855959569866,192.168.4.12,7552
-74.40687306751151,192.168.4.5,7552
-77.9736181729648,192.168.4.12,7600
-74.3942073344713,192.168.4.5,7600
-74.31967738598058,192.168.4.5,7632
-77.87091348846953,192.168.4.12,7632
-74.37198435511799,192.168.4.5,7696
-77.80670565285996,192.168.4.12,7696
-77.7109574123506,192.168.4.12,7760
-74.42266281535377,192.168.4.5,7760
-77.72076258324438,192.168.4.12,7792
-74.47176348979288,192.168.4.5,7792
-77.73018530250218,192.168.4.12,7824
-74.45707810130624,192.168.4.5,7824
-74.50510708118537,192.168.4.5,7856
-74.58276929040781,192.168.4.5,7904
-74.65801373510246,192.168.4.5,7920
-77.70566726577643,192.168.4.12,7936
-74.66865917474422,192.168.4.5,7952
-77.71550450225396,192.168.4.12,7952
-74.61671686424452,192.168.4.5,8000
-74.56639156593864,192.168.4.5,8032
-74.54876092874062,192.168.4.5,8112
-77.82480169435706,192.168.4.12,8112
-74.53167914080409,192.168.4.5,8128
-77.79746714715063,192.168.4.12,8128
-74.57738481202531,192.168.4.5,8304
-74.49715654163013,192.168.4.5,8320
-74.48168119365137,192.168.4.5,8336
-77.80415349386287,192.168.4.12,8336
-74.46668758707091,192.168.4.5,8400
-74.45216072283327,192.168.4.5,8432
-77.77770105023536,192.168.4.12,8432
-74.40695852308444,192.168.4.5,8464
-77.71942165014876,192.168.4.12,8464
-77.72859082310073,192.168.4.12,8480
-74.36316342732125,192.168.4.5,8480
-74.28960417830037,192.168.4.5,8528
-74.31171695666066,192.168.4.5,8544
-77.70485173695108,192.168.4.12,8544
-77.71444142003499,192.168.4.12,8560
-77.69128939792961,192.168.4.12,8576
-74.30201402965344,192.168.4.5,8576
-74.23035849173894,192.168.4.5,8592
-77.50731337132504,192.168.4.12,8592
-77.49095195766535,192.168.4.12,8624
-74.22318805659968,192.168.4.5,8640
-77.47515261124514,192.168.4.12,8640
-74.18511357145516,192.168.4.5,8656
-77.45989288530552,192.168.4.12,8656
-74.21047872197455,192.168.4.5,8672
-77.41309756514552,192.168.4.12,8672
-77.335887285046,192.168.4.12,8752
-74.23505430200053,192.168.4.5,8768
-74.16548340202199,192.168.4.5,8784
-74.09807810439398,192.168.4.5,8800
-77.45292767472547,192.168.4.12,8800
-77.4384830116258,192.168.4.12,8848
-74.09502521629113,192.168.4.5,8848
-82.0,192.168.4.6,8848
-79.99900049975012,192.168.4.6,8864
-89.0,192.168.4.7,8864
-74.21657571073386,192.168.4.5,8880
-88.49975012493753,192.168.4.7,8912
-74.20983434425236,192.168.4.5,8928
-88.66677774075309,192.168.4.7,8928
-78.99766910863212,192.168.4.6,8928
-87.9977533694469,192.168.4.7,8960
-77.61558589658667,192.168.4.12,8992
-74.26555691212599,192.168.4.5,8992
-87.99820538559787,192.168.4.7,9024
-86.6529886089597,192.168.4.7,9040
-86.70320354902533,192.168.4.7,9056
-74.31954496746813,192.168.4.5,9072
-77.65961012859927,192.168.4.12,9072
-79.500001247255,192.168.4.6,9072
-86.74094905694204,192.168.4.7,9088
-79.60059967960207,192.168.4.6,9104
-74.3718525046191,192.168.4.5,9104
-77.76569501332354,192.168.4.12,9120
-87.56567744035158,192.168.4.7,9216
-79.66777475021996,192.168.4.6,9216
-87.91882286889367,192.168.4.7,9232
-79.57114314121395,192.168.4.6,9232
-77.86828448444462,192.168.4.12,9264
-74.39140484596872,192.168.4.5,9264
-79.75286003067825,192.168.4.6,9264
-88.02052052309423,192.168.4.7,9264
-74.3480946223533,192.168.4.5,9296
-77.74572739150736,192.168.4.12,9296
-74.24387861572232,192.168.4.5,9312
-77.65883006134526,192.168.4.12,9312
-87.93192946899994,192.168.4.7,9328
-74.20516047366321,192.168.4.5,9328
-77.70123248323684,192.168.4.12,9328
-80.00816614834174,192.168.4.6,9328
-87.7759811434595,192.168.4.7,9360
-80.21298296648025,192.168.4.6,9360
-74.16764752509339,192.168.4.5,9360
-87.94400058569981,192.168.4.7,9376
-80.098887395341,192.168.4.6,9376
-74.16242917400375,192.168.4.5,9376
-80.00349333860119,192.168.4.6,9392
-74.21962707248711,192.168.4.5,9408
-88.16129670800348,192.168.4.7,9408
-80.08393289280266,192.168.4.6,9408
-77.77384087773399,192.168.4.12,9408
-88.15044864379426,192.168.4.7,9440
-88.14083584588522,192.168.4.7,9456
-74.21279076316482,192.168.4.5,9520
-80.00204428851362,192.168.4.6,9520
-74.26842102306597,192.168.4.5,9536
-80.28631799261926,192.168.4.6,9536
-88.31507213079014,192.168.4.7,9552
-74.32231966941329,192.168.4.5,9584
-87.88840703846822,192.168.4.7,9584
-87.8386524339094,192.168.4.7,9600
-77.6863054838205,192.168.4.12,9616
-80.065295573519,192.168.4.6,9616
-87.7394938251352,192.168.4.7,9616
-74.34341373576027,192.168.4.5,9616
-87.85719803387974,192.168.4.7,9632
-77.6961965546797,192.168.4.12,9648
-74.36385120428979,192.168.4.5,9648
-80.06112356414248,192.168.4.6,9696
-87.76360384894792,192.168.4.7,9696
-77.73727416433427,192.168.4.12,9696
-77.77702806955651,192.168.4.12,9712
-79.9355195438104,192.168.4.6,9712
-87.82404261562732,192.168.4.7,9712
-87.97494163537215,192.168.4.7,9728
-87.51341792103747,192.168.4.7,9744
-79.93928048550738,192.168.4.6,9744
-87.76105405391655,192.168.4.7,9792
-77.75258223422928,192.168.4.12,9792
-88.03619345446931,192.168.4.7,9856
-80.05468961680715,192.168.4.6,9856
-79.8899500678563,192.168.4.6,9888
-79.84361050474256,192.168.4.6,9936
-77.8232413122971,192.168.4.12,9952
-88.20724772747404,192.168.4.7,9952
-80.00267792606586,192.168.4.6,9968
-88.4099183826679,192.168.4.7,9984
-80.10031304302039,192.168.4.6,10000
-77.92305768187177,192.168.4.12,10000
-88.72483763736734,192.168.4.7,10000
-88.61377596576747,192.168.4.7,10016
-77.92547387995151,192.168.4.12,10032
-80.00052103041074,192.168.4.6,10032
-88.58917269989237,192.168.4.7,10048
-77.99058441084424,192.168.4.12,10064
-80.04676523547039,192.168.4.6,10064
-88.48699431056883,192.168.4.7,10064
-79.90924990263773,192.168.4.6,10080
-80.04555291542155,192.168.4.6,10096
-88.54583522833163,192.168.4.7,10096
-88.56325694529927,192.168.4.7,10112
-80.21620328985794,192.168.4.6,10112
-80.4184952420451,192.168.4.6,10144
-77.95950997334242,192.168.4.12,10192
-80.442622393005,192.168.4.6,10192
-77.96077953214765,192.168.4.12,10208
-80.50609955508361,192.168.4.6,10208
-80.48581250800541,192.168.4.6,10224
-77.8366454357688,192.168.4.12,10224
-88.57979612924441,192.168.4.7,10224
-88.5206879480875,192.168.4.7,10240
-80.46664053867973,192.168.4.6,10256
-77.84176295236297,192.168.4.12,10256
-77.90934881740678,192.168.4.12,10272
-80.52627301633305,192.168.4.6,10272
-77.8808828150056,192.168.4.12,10288
-77.85331748438128,192.168.4.12,10304
-88.53841959132845,192.168.4.7,10304
-80.31428571484598,192.168.4.6,10304
-80.26451454399312,192.168.4.6,10320
-88.37229871836182,192.168.4.7,10320
-80.29203278306662,192.168.4.6,10336
-88.28632546733026,192.168.4.7,10336
-77.85790610084088,192.168.4.12,10336
-80.28122933862299,192.168.4.6,10352
-87.9170111824112,192.168.4.7,10368
-80.38074516050226,192.168.4.6,10384
-87.88437472852637,192.168.4.7,10384
-87.99435149232283,192.168.4.7,10400
-80.4394277377522,192.168.4.6,10400
-80.42365077820945,192.168.4.6,10416
-87.99454934276844,192.168.4.7,10416
-77.79980368482764,192.168.4.12,10432
-80.3729830067991,192.168.4.6,10432
-87.85564201380747,192.168.4.7,10432
-87.54978031061363,192.168.4.7,10448
-77.74353448516247,192.168.4.12,10464
-87.46227446064601,192.168.4.7,10480
-87.51473258521972,192.168.4.7,10496
-80.28922036883964,192.168.4.6,10496
-80.27908983841918,192.168.4.6,10512
-77.72029483758894,192.168.4.12,10512
-87.5311942767988,192.168.4.7,10512
-80.16506205410792,192.168.4.6,10528
-77.69778726158958,192.168.4.12,10528
-87.51326940627183,192.168.4.7,10544
-80.12482241212145,192.168.4.6,10544
-77.70722847753838,192.168.4.12,10560
-80.08621965845455,192.168.4.6,10560
-87.22741230774638,192.168.4.7,10576
-87.28665602167395,192.168.4.7,10592
-77.68513937989187,192.168.4.12,10592
-80.11739245344496,192.168.4.6,10592
-77.75742503013687,192.168.4.12,10624
-80.14733308571127,192.168.4.6,10624
-80.10861693625158,192.168.4.6,10672
-77.76499837646183,192.168.4.12,10672
-80.104969815414,192.168.4.6,10688
-77.67868928753778,192.168.4.12,10688
-87.31039375974916,192.168.4.7,10688
-87.33324782813548,192.168.4.7,10720
-80.03461717214815,192.168.4.6,10720
-87.4212870245713,192.168.4.7,10752
-77.62629828554077,192.168.4.12,10752
-80.03346522667678,192.168.4.6,10752
-87.60479750064684,192.168.4.7,10768
-77.66916381301785,192.168.4.12,10768
-79.96607466284608,192.168.4.6,10784
-87.617753652398,192.168.4.7,10784
-77.58588689644202,192.168.4.12,10784
-77.56761006384784,192.168.4.12,10800
-80.00020830181637,192.168.4.6,10800
-87.69560438032102,192.168.4.7,10816
-77.58109671991397,192.168.4.12,10816
-79.96730668051958,192.168.4.6,10832
-77.7189091334985,192.168.4.12,10848
-87.90101540938129,192.168.4.7,10848
-87.87174045400657,192.168.4.7,10864
-77.75885779914138,192.168.4.12,10864
-77.73519672803701,192.168.4.12,10880
-87.9083025698315,192.168.4.7,10896
-77.8058055720033,192.168.4.12,10928
-77.74951223345248,192.168.4.12,10944
-79.9683784844913,192.168.4.6,10944
-87.97591856247482,192.168.4.7,10960
-79.96941186124633,192.168.4.6,10976
-79.97040848985873,192.168.4.6,10992
-77.75732010298773,192.168.4.12,10992
-77.70254800633948,192.168.4.12,11008
-87.7186864249188,192.168.4.7,11008
-79.90638780829214,192.168.4.6,11024
-87.59901521445083,192.168.4.7,11024
-87.6118930094763,192.168.4.7,11056
-77.74298366743827,192.168.4.12,11072
-77.68866695338232,192.168.4.12,11088
-79.90942138315353,192.168.4.6,11088
-77.66720751444588,192.168.4.12,11104
-79.94467531360738,192.168.4.6,11104
-79.94645959553415,192.168.4.6,11120
-77.64641816496929,192.168.4.12,11120
-87.5281715455029,192.168.4.7,11120
-77.62627785451609,192.168.4.12,11152
-77.60676620535627,192.168.4.12,11168
-79.98036362536428,192.168.4.6,11168
-80.01310967635246,192.168.4.6,11200
-87.57526466302602,192.168.4.7,11200
-77.58786348994096,192.168.4.12,11200
-87.55688935484987,192.168.4.7,11216
-80.04474340038985,192.168.4.6,11248
-77.56955060922253,192.168.4.12,11248
-79.97931910385246,192.168.4.6,11264
-77.55180907178051,192.168.4.12,11264
-80.01192205554004,192.168.4.6,11280
-77.565769606356,192.168.4.12,11280
-87.37967034375376,192.168.4.7,11296
-87.17651389824799,192.168.4.7,11328
-80.17100066663673,192.168.4.6,11344
-87.20270067510421,192.168.4.7,11360
-80.19739961028397,192.168.4.6,11360
-87.3550544318398,192.168.4.7,11392
-80.15932242071693,192.168.4.6,11392
-80.12250438746489,192.168.4.6,11408
-77.42355825699232,192.168.4.12,11424
-77.50380418732983,192.168.4.12,11504
-87.43894991111569,192.168.4.7,11552
-87.58345558071747,192.168.4.7,11600
-80.11861864991948,192.168.4.6,11600
-80.08317796545307,192.168.4.6,11616
-77.45696843708126,192.168.4.12,11648
-87.65993486227444,192.168.4.7,11664
-80.14384193293697,192.168.4.6,11712
-87.67068635992203,192.168.4.7,11728
-77.47388046854444,192.168.4.12,11728
-77.45912255450618,192.168.4.12,11744
-87.74425957794128,192.168.4.7,11760
-80.13929422712407,192.168.4.6,11776
-77.47596640555119,192.168.4.12,11792
-80.22965188694941,192.168.4.6,11792
-77.52342602485658,192.168.4.12,11808
-87.46831288872016,192.168.4.7,11808
-87.54813926540015,192.168.4.7,11824
-77.56940644064748,192.168.4.12,11824
-80.31707705805421,192.168.4.6,11824
-80.37014113539955,192.168.4.6,11856
-87.56237558218605,192.168.4.7,11856
-77.55167562267285,192.168.4.12,11856
-80.42149144166879,192.168.4.6,11872
-87.48170531065058,192.168.4.7,11872
-80.47118701124373,192.168.4.6,11888
-77.56563571059367,192.168.4.12,11888
-87.40362916162616,192.168.4.7,11904
-87.3594988962077,192.168.4.7,11920
-77.61029844582852,192.168.4.12,11952
-80.36198109013036,192.168.4.6,12000
-77.65356955801735,192.168.4.12,12048
-87.41104478954156,192.168.4.7,12064
-80.38204047946502,192.168.4.6,12080
-77.66435613872414,192.168.4.12,12112
-87.36673414497213,192.168.4.7,12128
-77.48799208504144,192.168.4.12,12160
-77.56620397863514,192.168.4.12,12192
-80.46429891981957,192.168.4.6,12192
-87.38660966045425,192.168.4.7,12208
-80.48112139089581,192.168.4.6,12208
-80.40324956782773,192.168.4.6,12224
-87.4372213970447,192.168.4.7,12256
-87.51757694160266,192.168.4.7,12272
-77.57971008330864,192.168.4.12,12272
-77.65506387876968,192.168.4.12,12352
-80.42196951113162,192.168.4.6,12352
-87.81476389893827,192.168.4.7,12368
-77.66580303169779,192.168.4.12,12368
-80.50280327631958,192.168.4.6,12368
-77.55167443431067,192.168.4.12,12384
-87.56994561595668,192.168.4.7,12384
-80.54972665614595,192.168.4.6,12400
-77.59676502459743,192.168.4.12,12400
-87.33289041233613,192.168.4.7,12416
-87.29116598167566,192.168.4.7,12432
-80.56383266732432,192.168.4.6,12432
-77.67158381364149,192.168.4.12,12432
-80.60880669445115,192.168.4.6,12464
-77.7129403002384,192.168.4.12,12464
-80.6210525008589,192.168.4.6,12480
-77.75300883974703,192.168.4.12,12480
-80.69549653953767,192.168.4.6,12496
-77.79182958103162,192.168.4.12,12496
-87.15688318374411,192.168.4.7,12544
-80.70502221193827,192.168.4.6,12544
-77.89170388726113,192.168.4.12,12544
-77.89507524905814,192.168.4.12,12560
-80.77679319870815,192.168.4.6,12560
-87.1519754634468,192.168.4.7,12576
-80.84629970569746,192.168.4.6,12576
-77.92947232927493,192.168.4.12,12576
-87.24104191646283,192.168.4.7,12592
-80.85110370704886,192.168.4.6,12592
-77.96279834384555,192.168.4.12,12592
-80.88700410405232,192.168.4.6,12608
-77.99508666747901,192.168.4.12,12608
-87.29603411613415,192.168.4.7,12656
-87.38054830538277,192.168.4.7,12672
-87.49364794158912,192.168.4.7,12704
-80.7968132360738,192.168.4.6,12816
-77.99523961958525,192.168.4.12,12864
-78.05764743319627,192.168.4.12,12880
-80.89685941274173,192.168.4.6,12880
-87.57194712630124,192.168.4.7,12880
-80.77517302950271,192.168.4.6,12896
-87.2729833805594,192.168.4.7,12896
-87.26445898777375,192.168.4.7,12928
-87.31864369262672,192.168.4.7,12960
-80.78219227189085,192.168.4.6,12992
-87.24626751101529,192.168.4.7,12992
-78.05585289033398,192.168.4.12,12992
-87.17616269380517,192.168.4.7,13008
-80.85142087110138,192.168.4.6,13024
-78.05411422082013,192.168.4.12,13024
-80.85605794688225,192.168.4.6,13056
-78.08355896329726,192.168.4.12,13056
-78.04982872317619,192.168.4.12,13072
-80.92295835620682,192.168.4.6,13072
-87.10825685896197,192.168.4.7,13072
-80.95656165424398,192.168.4.6,13104
-78.11053555840606,192.168.4.12,13104
-87.13607891274567,192.168.4.7,13104
-87.06944359979823,192.168.4.7,13120
-81.02030703033743,192.168.4.6,13120
-78.07596587638936,192.168.4.12,13120
-87.03608663006634,192.168.4.7,13136
-78.10472986591745,192.168.4.12,13136
-81.01967363461985,192.168.4.6,13232
-78.16372694879794,192.168.4.12,13232
-81.08143410747925,192.168.4.6,13248
-78.15863037873795,192.168.4.12,13248
-86.9102131260156,192.168.4.7,13248
-81.26599463796788,192.168.4.6,13264
-78.24707757514155,192.168.4.12,13264
-78.27051474514357,192.168.4.12,13280
-78.26209411551491,192.168.4.12,13312
-81.25770096549135,192.168.4.6,13328
-87.1001128950535,192.168.4.7,13328
-81.2184901376336,192.168.4.6,13344
-87.22171078360861,192.168.4.7,13344
-78.2850637118491,192.168.4.12,13344
-81.27402609309227,192.168.4.6,13360
-78.24506224741627,192.168.4.12,13360
-87.24597518772757,192.168.4.7,13360
-81.26548451833352,192.168.4.6,13376
-78.14405019964084,192.168.4.12,13376
-81.22604193742457,192.168.4.6,13392
-81.18783180208482,192.168.4.6,13408
-78.07731052697811,192.168.4.12,13408
-78.07490402181293,192.168.4.12,13424
-81.21314145276922,192.168.4.6,13424
-81.23766062399268,192.168.4.6,13440
-78.04144471395229,192.168.4.12,13440
-81.26141416298084,192.168.4.6,13472
-77.94677166863048,192.168.4.12,13488
-87.33182786951025,192.168.4.7,13488
-81.2532693386479,192.168.4.6,13520
-77.97955613816622,192.168.4.12,13520
-87.29031391299304,192.168.4.7,13520
-81.21422380724019,192.168.4.6,13536
-78.04244759748465,192.168.4.12,13552
-81.20755004784539,192.168.4.6,13552
-87.31243338620762,192.168.4.7,13552
-81.10762977310526,192.168.4.6,13568
-87.27153082343172,192.168.4.7,13568
-87.23190602519642,192.168.4.7,13584
-81.13542716202248,192.168.4.6,13584
-78.10338130201326,192.168.4.12,13584
-81.06891152582413,192.168.4.6,13600
-78.10016330580912,192.168.4.12,13600
-81.03561782869447,192.168.4.6,13616
-77.97253586255437,192.168.4.12,13616
-81.0033624453297,192.168.4.6,13632
-77.94226338528088,192.168.4.12,13632
-81.00325772248678,192.168.4.6,13664
-78.0374425454016,192.168.4.12,13664
-87.25584047663015,192.168.4.7,13680
-87.18555131618648,192.168.4.7,13696
-78.06740434860626,192.168.4.12,13696
-81.00315626483872,192.168.4.6,13696
-78.00305172863582,192.168.4.12,13744
-81.03420066343625,192.168.4.6,13744
-78.00295673680202,192.168.4.12,13760
-87.17977013410417,192.168.4.7,13760
-77.97173751037468,192.168.4.12,13776
-80.97085216692186,192.168.4.6,13776
-77.97261724150117,192.168.4.12,13792
-80.97175985364642,192.168.4.6,13792
-80.9726392499335,192.168.4.6,13808
-87.14301446602508,192.168.4.7,13808
-80.97349123973278,192.168.4.6,13824
-87.2008655275529,192.168.4.7,13840
-81.00545504377632,192.168.4.6,13856
-77.97346958836505,192.168.4.12,13856
-87.194608247573,192.168.4.7,13856
-78.06767673830586,192.168.4.12,13872
-80.97414753511734,192.168.4.6,13872
-86.9704957463517,192.168.4.7,13888
-77.87880762941005,192.168.4.12,13888
-80.97495250284939,192.168.4.6,13904
-77.78919879380317,192.168.4.12,13904
-80.94459603706918,192.168.4.6,13920
-77.67125223042424,192.168.4.12,13920
-80.91518531816129,192.168.4.6,13936
-77.5569770662653,192.168.4.12,13936
-86.9714147635099,192.168.4.7,13952
-80.76214999179619,192.168.4.6,13952
-80.73842068802408,192.168.4.6,13968
-77.50851302875151,192.168.4.12,13968
-87.00345240601669,192.168.4.7,13984
-80.6842963469494,192.168.4.6,14000
-77.61719251180543,192.168.4.12,14016
-80.75639287188739,192.168.4.6,14016
-87.03449090670154,192.168.4.7,14016
-77.66023512568182,192.168.4.12,14032
-87.09570638527292,192.168.4.7,14032
-80.79511048328244,192.168.4.6,14032
-80.80148929027945,192.168.4.6,14048
-77.60855705370862,192.168.4.12,14048
-80.83880196293752,192.168.4.6,14064
-77.49623369444517,192.168.4.12,14064
-87.06158199522356,192.168.4.7,14064
-87.12194955241063,192.168.4.7,14080
-80.84382040860815,192.168.4.6,14080
-77.48078746179388,192.168.4.12,14080
-80.8486825670063,192.168.4.6,14112
-80.82226178118468,192.168.4.6,14128
-80.8277949913875,192.168.4.6,14144
-77.43469510904092,192.168.4.12,14144
-80.83315589837306,192.168.4.6,14160
-77.45229130250883,192.168.4.12,14160
-80.77608847325433,192.168.4.6,14176
-77.53159356940112,192.168.4.12,14176
-87.08701011964584,192.168.4.7,14176
-80.78305894118984,192.168.4.6,14192
-80.75868213811862,192.168.4.6,14240
-77.57730049038783,192.168.4.12,14240
-87.20886373937174,192.168.4.7,14240
-77.68383843805245,192.168.4.12,14256
-80.76619436634445,192.168.4.6,14256
-80.71121306788481,192.168.4.6,14272
-87.35805940520568,192.168.4.7,14272
-77.7559332937726,192.168.4.12,14272
-80.65794365020973,192.168.4.6,14288
-87.06665762948826,192.168.4.7,14304
-80.54407389217187,192.168.4.6,14304
-80.46487870576917,192.168.4.6,14320
-77.54564230597853,192.168.4.12,14352
-80.4504074394109,192.168.4.6,14352
-87.18913547832268,192.168.4.7,14352
-77.49753132713181,192.168.4.12,14368
-80.4986446693235,192.168.4.6,14368
-87.24552154654481,192.168.4.7,14368
-77.41979105863467,192.168.4.12,14384
-87.33128769239347,192.168.4.7,14384
-80.54538011690346,192.168.4.6,14384
-80.43501701022812,192.168.4.6,14400
-87.289836248185,192.168.4.7,14416
-80.45260413286263,192.168.4.6,14416
-80.53190067874405,192.168.4.6,14432
-87.37421926607936,192.168.4.7,14432
-77.46897796501504,192.168.4.12,14432
-77.42325333683964,192.168.4.12,14448
-80.54647184621685,192.168.4.6,14448
-87.45597350026743,192.168.4.7,14448
-77.37895198025527,192.168.4.12,14464
-80.56058939151764,192.168.4.6,14480
-87.34837283648869,192.168.4.7,14480
-77.46053686623117,192.168.4.12,14480
-80.60539561311997,192.168.4.6,14496
-80.61767889160969,192.168.4.6,14512
-77.44620182130616,192.168.4.12,14512
-80.59845178248987,192.168.4.6,14528
-87.30639232406112,192.168.4.7,14528
-77.40118617505101,192.168.4.12,14528
-80.64207906748862,192.168.4.6,14544
-77.35757172892532,192.168.4.12,14544
-77.34644166575667,192.168.4.12,14560
-80.62209252669076,192.168.4.6,14560
-87.39025441614086,192.168.4.7,14560
-77.33565804729406,192.168.4.12,14624
-87.31583787451173,192.168.4.7,14624
-80.6961115101399,192.168.4.6,14624
-80.67444314826716,192.168.4.6,14640
-77.29408329934516,192.168.4.12,14640
-87.24373910111164,192.168.4.7,14656
-80.52893868915271,192.168.4.6,14656
-87.2984159492123,192.168.4.7,14688
-80.57472929627393,192.168.4.6,14688
-77.34718300436603,192.168.4.12,14688
-77.39862988039323,192.168.4.12,14704
-87.25799343528011,192.168.4.7,14704
-80.65022202174919,192.168.4.6,14704
-80.69223723033326,192.168.4.6,14720
-80.70181710024472,192.168.4.6,14752
-77.54185571460904,192.168.4.12,14752
-87.21882978213144,192.168.4.7,14752
-77.46273593952192,192.168.4.12,14800
-87.18088574760236,192.168.4.7,14800
-80.74222616496125,192.168.4.6,14800
-80.7813773482774,192.168.4.6,14816
-87.0818608468805,192.168.4.7,14816
-77.44833246263315,192.168.4.12,14816
-77.34099700771533,192.168.4.12,14832
-80.88156446029413,192.168.4.6,14832
-80.91637832556282,192.168.4.6,14848
-77.42376317814882,192.168.4.12,14848
-80.95010849250079,192.168.4.6,14864
-77.44169956688582,192.168.4.12,14864
-80.95166147651553,192.168.4.6,14880
-77.49020441636834,192.168.4.12,14880
-77.44381917867162,192.168.4.12,14912
-81.01542050202285,192.168.4.6,14912
-81.01494050554004,192.168.4.6,14928
-87.1104433988012,192.168.4.7,14928
-77.52338480477827,192.168.4.12,14928
-77.56934704833222,192.168.4.12,14944
-81.01447545038344,192.168.4.6,14944
-77.58275187770218,192.168.4.12,14960
-81.07627909466133,192.168.4.6,14960
-77.62686621193902,192.168.4.12,14976
-81.07390474855534,192.168.4.6,14992
-87.20039731658397,192.168.4.7,14992
-77.60735390228214,192.168.4.12,15008
-81.13385844292056,192.168.4.6,15008
-77.61957569975888,192.168.4.12,15040
-81.16081887060365,192.168.4.6,15040
-77.53803682171208,192.168.4.12,15056
-81.21806710970257,192.168.4.6,15072
-77.49016273595822,192.168.4.12,15072
-81.24240634099232,192.168.4.6,15088
-77.44377881663176,192.168.4.12,15088
-77.46109217237554,192.168.4.12,15120
-87.38094159284769,192.168.4.7,15120
-81.26598795189446,192.168.4.6,15120
-77.44673987372414,192.168.4.12,15152
-81.28883552643897,192.168.4.6,15200
-77.4639610602609,192.168.4.12,15200
-87.43134324957609,192.168.4.7,15216
-81.31097191440051,192.168.4.6,15216
-87.44904554172322,192.168.4.7,15280
-87.49732646232447,192.168.4.7,15312
-87.51297450004414,192.168.4.7,15328
-87.52813533387356,192.168.4.7,15344
-81.36354619981186,192.168.4.6,15392
-87.13814351166383,192.168.4.7,15616
-77.4183927198915,192.168.4.12,15680
-77.34311603220972,192.168.4.12,15744
-81.38335705421282,192.168.4.6,15744
-77.36356268984974,192.168.4.12,15936
-81.43367816973776,192.168.4.6,15936
-81.42017910914309,192.168.4.6,15984
-77.3522461681647,192.168.4.12,15984
-87.10271410242905,192.168.4.7,16000
-77.37240863345302,192.168.4.12,16000
-81.40710023717918,192.168.4.6,16000
-81.39442847411232,192.168.4.6,16032
-77.39194350649487,192.168.4.12,16032
-87.16177466994769,192.168.4.7,16032
-81.35102427009738,192.168.4.6,16080
-77.50425053913179,192.168.4.12,16080
-81.30897111567702,192.168.4.6,16192
-77.58193507962417,192.168.4.12,16192
-87.25012532779829,192.168.4.7,16192
-81.36160753451206,192.168.4.6,16208
-87.36685408601923,192.168.4.7,16208
-77.59494807678543,192.168.4.12,16208
-87.13753432137695,192.168.4.7,16272
-77.63868275885854,192.168.4.12,16272
-81.3192249787053,192.168.4.6,16272
-77.68105612229928,192.168.4.12,16320
-81.34041535672645,192.168.4.6,16320
-87.19551003573008,192.168.4.7,16320
-81.32981930335437,192.168.4.6,16352
-77.69098380428031,192.168.4.12,16352
-81.35067990432611,192.168.4.6,16368
-77.70060246978733,192.168.4.12,16368
-87.15829576056453,192.168.4.7,16448
-77.70992173751104,192.168.4.12,16448
-81.37089117687421,192.168.4.6,16448
-77.7500776618292,192.168.4.12,16528
-81.35934651453044,192.168.4.6,16528
-87.15336828792131,192.168.4.7,16576
-77.82011039760454,192.168.4.12,16576
-81.34816120276247,192.168.4.6,16576
-81.30619724800567,192.168.4.6,16608
-77.82570977347744,192.168.4.12,16608
-87.30423507550545,192.168.4.7,16608
-77.76888139086934,192.168.4.12,16704
-81.3277931096317,192.168.4.6,16704
-87.2947648205285,192.168.4.7,16704
-77.71382189074207,192.168.4.12,16752
-81.3175899595465,192.168.4.6,16752
-87.28558938091746,192.168.4.7,16752
-81.21432401934555,192.168.4.6,16784
-87.24557165365562,192.168.4.7,16784
-77.69160294698845,192.168.4.12,16784
-81.1765260102407,192.168.4.6,16800
-87.4246946351327,192.168.4.7,16800
-77.63894887332864,192.168.4.12,16800
-81.17103132279864,192.168.4.6,16832
-87.5048581769518,192.168.4.7,16832
-77.61906048235944,192.168.4.12,16832
-77.53753768666829,192.168.4.12,16864
-87.48914309465069,192.168.4.7,16912
-81.13458088488136,192.168.4.6,16912
-77.52080589486907,192.168.4.12,16912
-81.0058846963599,192.168.4.6,16928
-77.5045949091843,192.168.4.12,16944
-87.59842784126921,192.168.4.7,16944
-81.0057015247307,192.168.4.6,16944
-77.45776178647141,192.168.4.12,16960
-81.03665082839595,192.168.4.6,16976
-77.41238642608657,192.168.4.12,16976
-87.61092781854119,192.168.4.7,16976
-81.06663677745954,192.168.4.6,16992
-77.36842345262039,192.168.4.12,16992
-87.52965604267797,192.168.4.7,16992
-81.06456258991768,192.168.4.6,17024
-77.35695563468457,192.168.4.12,17024
-81.06255296528643,192.168.4.6,17040
-87.32640420049653,192.168.4.7,17040
-81.09173265769385,192.168.4.6,17056
-77.37697150397408,192.168.4.12,17056
-81.12000407878367,192.168.4.6,17072
-77.33411088190529,192.168.4.12,17072
-87.06722447853919,192.168.4.7,17104
-77.1680774462391,192.168.4.12,17104
-81.0851419809904,192.168.4.6,17104
-77.19397247585528,192.168.4.12,17120
-81.11361854497476,192.168.4.6,17120
-87.09625935984891,192.168.4.7,17152
-77.15680801581193,192.168.4.12,17152
-81.14120872429501,192.168.4.6,17152
-87.18664515015406,192.168.4.7,17168
-77.12080036404352,192.168.4.12,17168
-81.16794010942093,192.168.4.6,17168
-77.08591351287482,192.168.4.12,17184
-81.16271267913928,192.168.4.6,17184
-81.15764796202406,192.168.4.6,17200
-87.14970806139065,192.168.4.7,17200
-77.08323930609903,192.168.4.12,17200
-81.15274089331405,192.168.4.6,17216
-81.14798656590041,192.168.4.6,17232
-77.0495216080688,192.168.4.12,17232
-87.23842991974047,192.168.4.7,17264
-81.17450697299334,192.168.4.6,17264
-77.01685343182919,192.168.4.12,17264
-87.29326275880393,192.168.4.7,17280
-81.01344140645088,192.168.4.6,17312
-76.98520210918744,192.168.4.12,17312
-81.01302301921459,192.168.4.6,17328
-76.95453598880587,192.168.4.12,17328
-87.25300708219784,192.168.4.7,17344
-87.43189483138359,192.168.4.7,17360
-76.92482440455045,192.168.4.12,17360
-81.04374439942322,192.168.4.6,17360
-81.0735095221919,192.168.4.6,17376
-76.89603764482447,192.168.4.12,17376
-81.07122141021647,192.168.4.6,17392
-76.86814692285692,192.168.4.12,17392
-87.54295982321692,192.168.4.7,17408
-81.06900451977197,192.168.4.6,17408
-76.87225107799995,192.168.4.12,17408
-81.09798337495931,192.168.4.6,17440
-76.87622748420671,192.168.4.12,17440
-81.0638067316162,192.168.4.6,17456
-76.81782665792564,192.168.4.12,17472
-76.82349711834517,192.168.4.12,17504
-81.12407411529688,192.168.4.6,17504
-76.79786434597963,192.168.4.12,17520
-81.12021209269797,192.168.4.6,17520
-81.17872375906975,192.168.4.6,17536
-76.8041561678744,192.168.4.12,17536
-87.55718617522463,192.168.4.7,17536
-76.77912541611539,192.168.4.12,17552
-81.1420339336788,192.168.4.6,17552
-81.1376128807409,192.168.4.6,17584
-87.60209680219363,192.168.4.7,17584
-87.61448237011983,192.168.4.7,17600
-76.84825397913808,192.168.4.12,17600
-81.1644561776056,192.168.4.6,17600
-76.82185060678373,192.168.4.12,17632
-81.15933719352962,192.168.4.6,17648
-76.79626908509151,192.168.4.12,17648
-87.53310120435253,192.168.4.7,17664
-76.77148383253474,192.168.4.12,17680
-81.18550428267133,192.168.4.6,17680
-87.39199915677018,192.168.4.7,17696
-81.17973013993581,192.168.4.6,17760
-76.77859679349825,192.168.4.12,17760
-76.8166150808579,192.168.4.12,17776
-81.20526246256999,192.168.4.6,17776
-81.23000004707472,192.168.4.6,17792
-81.22284089670023,192.168.4.6,17808
-81.21590458736871,192.168.4.6,17872
-76.7911965240572,192.168.4.12,17872
-76.82882262295117,192.168.4.12,17920
-81.17805744898591,192.168.4.6,17920
-87.37979738876884,192.168.4.7,17920
-76.8652775444141,192.168.4.12,17936
-81.20364183571675,192.168.4.6,17936
-81.13504966416477,192.168.4.6,17968
-76.80721755480452,192.168.4.12,17984
-81.03746581038325,192.168.4.6,17984
-87.36797543243065,192.168.4.7,18016
-81.00517288936592,192.168.4.6,18032
-80.97388514168942,192.168.4.6,18048
-87.5744104005516,192.168.4.7,18048
-81.0058247442225,192.168.4.6,18080
-80.9433899746953,192.168.4.6,18096
-80.91402532782192,192.168.4.6,18112
-80.88557470659512,192.168.4.6,18128
-80.92026312362434,192.168.4.6,18160
-80.95387180344537,192.168.4.6,18176
-87.836673515921,192.168.4.7,18192
-80.98643435476805,192.168.4.6,18192
-80.98685660896088,192.168.4.6,18224
-87.49936081530228,192.168.4.7,18512
-87.5771980752792,192.168.4.7,18688
-87.62148553457901,192.168.4.7,18848
-87.66439444396312,192.168.4.7,18896
-87.5814600825935,192.168.4.7,18912
-87.71899552067144,192.168.4.7,18976
-87.54098099353537,192.168.4.7,19008
-87.58639569912548,192.168.4.7,19072
-87.75490424680612,192.168.4.7,19120
-87.73140644822703,192.168.4.7,19296
-87.64638636476778,192.168.4.7,19328
-87.19049057834036,192.168.4.7,19440
-87.40244906917766,192.168.4.7,19520
-87.48330259680516,192.168.4.7,19648
-87.56163939475111,192.168.4.7,19920
-87.66866462122925,192.168.4.7,19984
-87.86573891374509,192.168.4.7,20096
-87.74541080124224,192.168.4.7,20128
-87.84671575828358,192.168.4.7,20144
-87.78923340892108,192.168.4.7,20208
-87.7646671029568,192.168.4.7,20304
-87.89649942188828,192.168.4.7,20464
-87.89972106229142,192.168.4.7,20480
-88.02734955518716,192.168.4.7,20528
-88.24438570978776,192.168.4.7,20544
-88.17452521709868,192.168.4.7,20624
-88.07571248894844,192.168.4.7,20656
-88.01110226163011,192.168.4.7,20768
-87.79286930499318,192.168.4.7,20880
-87.92382367783348,192.168.4.7,20896
-88.01957509156453,192.168.4.7,20928
-88.08121930567992,192.168.4.7,21040
-88.14094473121754,192.168.4.7,21056
-88.35444488334512,192.168.4.7,21072
-88.53017270024363,192.168.4.7,21120
-88.20240260073773,192.168.4.7,21280
-87.97821519496839,192.168.4.7,21424
-87.60537226822973,192.168.4.7,21472
-87.64878249705113,192.168.4.7,21552
-87.34844726829505,192.168.4.7,21664
-87.2753477429838,192.168.4.7,21696
-87.32903055649913,192.168.4.7,21760
-87.38104239692345,192.168.4.7,21776
-87.43143527642728,192.168.4.7,22080
-87.137865410046,192.168.4.7,22176
-87.19582759410174,192.168.4.7,22336
-87.53212627864771,192.168.4.7,22368
-87.64006988580086,192.168.4.7,22416
-87.55789311614689,192.168.4.7,22576
-87.54052772239582,192.168.4.7,22752
-87.61708307396742,192.168.4.7,22976
-87.28660790692734,192.168.4.7,23040
-87.37106695116566,192.168.4.7,23056
-86.92374252580018,192.168.4.7,23088
-86.9261161721272,192.168.4.7,23136
-86.99066940718889,192.168.4.7,23168
-87.14659351749032,192.168.4.7,23184
-87.17315727532095,192.168.4.7,23248
-87.1366407195965,192.168.4.7,23344
-87.13238754016479,192.168.4.7,23360
-87.12826674836582,192.168.4.7,23376
-87.09314748932937,192.168.4.7,23408
-87.15250157977088,192.168.4.7,23456
-87.24113490421516,192.168.4.7,23536
-87.29588262883695,192.168.4.7,23568
-87.22441930329131,192.168.4.7,23712
-86.81278633786046,192.168.4.7,23936
-86.7563602223828,192.168.4.7,24080
-86.701690467868,192.168.4.7,24160
-86.7109758687686,192.168.4.7,24176
-86.81335244130196,192.168.4.7,24192
-86.85028890158875,192.168.4.7,24208
-86.854948918771,192.168.4.7,24304
-86.95284407927028,192.168.4.7,24384
-87.01656535162851,192.168.4.7,24416
-87.04717645759112,192.168.4.7,24432
-87.07683473976911,192.168.4.7,24512
-87.19895004938114,192.168.4.7,24544
-87.25501084646498,192.168.4.7,24560
-87.21594646174462,192.168.4.7,24576
-87.14697129306035,192.168.4.7,24592
-87.3291569406746,192.168.4.7,24608
-87.31891136129273,192.168.4.7,24624
-87.3712381541496,192.168.4.7,24640
-87.11066888152628,192.168.4.7,24768
-87.16947758163947,192.168.4.7,24784
-86.94631518725639,192.168.4.7,24896
-86.97911295007741,192.168.4.7,25216
-87.1353967460646,192.168.4.7,25248
-87.16230901813317,192.168.4.7,25296
-87.18838359913202,192.168.4.7,25312
-87.36928021330941,192.168.4.7,25328
-87.38891245774418,192.168.4.7,25344
-87.43906034442881,192.168.4.7,25408
-87.45652056152507,192.168.4.7,25456
-87.41118383960396,192.168.4.7,25504
-87.36725830162374,192.168.4.7,25632
-87.35582675173853,192.168.4.7,25648
-87.28249756928618,192.168.4.7,25744
-87.30483107346446,192.168.4.7,25808
-87.23308921983254,192.168.4.7,25968
-87.31921410348549,192.168.4.7,26000
-87.12251763501742,192.168.4.7,26112
-86.77631003674874,192.168.4.7,26864
-86.53425893755089,192.168.4.7,27904
-86.48650247461426,192.168.4.7,27952
-86.31572559627097,192.168.4.7,28384
-86.02575752584553,192.168.4.7,28496
-86.08720923720901,192.168.4.7,28576
-86.02224124000686,192.168.4.7,28704
-86.02154894294718,192.168.4.7,29040
-86.02087819483104,192.168.4.7,29104
-86.1758619718863,192.168.4.7,29232
-86.41940179894536,192.168.4.7,29440
-86.15733335767362,192.168.4.7,29744
-86.15243608482973,192.168.4.7,29808
-86.05431106001788,192.168.4.7,29888
-86.1148739930379,192.168.4.7,30192
-86.08017161201496,192.168.4.7,30208
-86.07767613194815,192.168.4.7,31008
-85.95075141074096,192.168.4.7,31104
-85.92115762893656,192.168.4.7,31152
-86.07924538060101,192.168.4.7,31232
-85.82776489670509,192.168.4.7,31280
-85.83312601213999,192.168.4.7,31296
-85.99395390001892,192.168.4.7,31344
-86.18090247102555,192.168.4.7,31472
-86.2997784858911,192.168.4.7,31520
-86.38382754993538,192.168.4.7,31552
-86.4030069829708,192.168.4.7,31648
-86.35933596445676,192.168.4.7,31936
-86.25477082339802,192.168.4.7,32096
-86.2468406409557,192.168.4.7,32224
-86.20803056990303,192.168.4.7,32352
-86.20155525867797,192.168.4.7,32400
-86.4442953366881,192.168.4.7,32464
-86.61722625150342,192.168.4.7,32480
-86.6602674755752,192.168.4.7,32656
-86.48408186244205,192.168.4.7,32688
-86.62464762356544,192.168.4.7,32864
-86.60520438611964,192.168.4.7,32880
-86.36847924843396,192.168.4.7,32976
-86.4815166115638,192.168.4.7,33296
-86.55990876206333,192.168.4.7,33328
-86.41797371672537,192.168.4.7,33456
-86.62285066660155,192.168.4.7,33888
-86.72797027945215,192.168.4.7,33984
-86.67418421645844,192.168.4.7,34080
-86.65319906690728,192.168.4.7,34096
-86.75737403330615,192.168.4.7,34112
-86.79605291529221,192.168.4.7,34144
-86.92690803784538,192.168.4.7,34224
-87.05369006842793,192.168.4.7,34320
-87.145399059855,192.168.4.7,34352
-87.17199999190605,192.168.4.7,34384
-87.10439273630412,192.168.4.7,34512
-87.16339679029672,192.168.4.7,34576
-87.22056424107683,192.168.4.7,34624
-86.77792458869892,192.168.4.7,34848
-86.84709052831433,192.168.4.7,35056
-86.97635701687742,192.168.4.7,35072
-86.94596621640034,192.168.4.7,35088
-86.63638081925136,192.168.4.7,35104
-86.64769909502587,192.168.4.7,35248
-86.62753834068612,192.168.4.7,35280
-86.63913185389613,192.168.4.7,35808
-86.61923776975163,192.168.4.7,35952
-86.35094908971574,192.168.4.7,36080
-86.55791229688599,192.168.4.7,36176
-86.57167304110656,192.168.4.7,36208
-86.61613218757464,192.168.4.7,36240
-86.65920746622942,192.168.4.7,36304
-86.70094195234964,192.168.4.7,36880
-86.7413773804215,192.168.4.7,36896
-86.68717399825641,192.168.4.7,36992
-86.5412776024744,192.168.4.7,37008
-86.58668285952761,192.168.4.7,37040
-86.69292825784957,192.168.4.7,37056
-86.36009237556205,192.168.4.7,37248
-86.19325023167666,192.168.4.7,37264
-86.03160133802477,192.168.4.7,37344
-86.12399787934618,192.168.4.7,37408
-86.18239168934198,192.168.4.7,37424
-86.2389678910266,192.168.4.7,37488
-86.35603651900932,192.168.4.7,37712
-86.56284137112105,192.168.4.7,37728
-86.66982887699176,192.168.4.7,37744
-86.86686639934896,192.168.4.7,37760
-86.49748966244447,192.168.4.7,37872
-86.48200443644015,192.168.4.7,38080
-86.4981279440755,192.168.4.7,38096
-86.5448763088579,192.168.4.7,38144
-86.27890225791924,192.168.4.7,38224
-86.27022094286292,192.168.4.7,38320
-86.35519003635795,192.168.4.7,38352
-86.40638759068624,192.168.4.7,38400
-86.4248648034023,192.168.4.7,38432
-86.4427668809217,192.168.4.7,38448
-86.3978582669168,192.168.4.7,38512
-86.44772769878655,192.168.4.7,38544
-86.43379139994997,192.168.4.7,38672
-86.45141562171581,192.168.4.7,38688
-86.59299817591288,192.168.4.7,38832
-86.69904699908315,192.168.4.7,38864
-86.80179486925225,192.168.4.7,38880
-86.87021780508809,192.168.4.7,38896
-87.0298911463356,192.168.4.7,39024
-86.96670727431365,192.168.4.7,39216
-86.9366168387683,192.168.4.7,39264
-86.9697164784661,192.168.4.7,39376
-87.12629275145082,192.168.4.7,39392
-86.9667280251657,192.168.4.7,39520
-87.03001713132055,192.168.4.7,39536
-87.09133625460663,192.168.4.7,39584
-87.24412690175338,192.168.4.7,39600
-87.0186409253774,192.168.4.7,39664
-87.20482106955313,192.168.4.7,39792
-86.98055855517237,192.168.4.7,39824
-86.82553005775094,192.168.4.7,39920
-86.64420036118545,192.168.4.7,40144
-86.74865542779882,192.168.4.7,40416
-86.8498591498399,192.168.4.7,40448
-86.8856592726269,192.168.4.7,40624
-86.88921832548459,192.168.4.7,41120
-86.98604678427347,192.168.4.7,41232
-87.26662166505788,192.168.4.7,41584
-87.22719587548839,192.168.4.7,42000
-86.84660326057383,192.168.4.7,42064
-86.85137799934239,192.168.4.7,42112
-86.94938430371586,192.168.4.7,42272
-86.63969251276897,192.168.4.7,43088
-86.7131611647571,192.168.4.7,43104
-86.53532914429526,192.168.4.7,43600
-86.54979282818877,192.168.4.7,43712
-86.78169340932322,192.168.4.7,44144
-86.88186876705964,192.168.4.7,44160
-87.13455963957216,192.168.4.7,44176
-86.94361086289885,192.168.4.7,44208
-87.00761953070293,192.168.4.7,44224
-87.0696358180377,192.168.4.7,44240
-87.03634155358509,192.168.4.7,44272
-87.12859054749325,192.168.4.7,44336
-87.21796813194888,192.168.4.7,44384
