sender, sequence, rssi
192.168.4.6, 58032, -74
192.168.4.6, 58080, -75
192.168.4.6, 58096, -72
192.168.4.6, 58112, -75
192.168.4.6, 58128, -77
192.168.4.6, 58144, -77
192.168.4.6, 58192, -74
192.168.4.6, 58208, -73
192.168.4.6, 58224, -79
192.168.4.6, 58480, -79
192.168.4.6, 58512, -74
192.168.4.6, 58528, -74
192.168.4.6, 58544, -74
192.168.4.6, 58560, -70
192.168.4.6, 58576, -70
192.168.4.6, 58624, -68
192.168.4.6, 58640, -71
192.168.4.6, 58656, -76
192.168.4.6, 58672, -76
192.168.4.6, 58688, -77
192.168.4.6, 58704, -77
192.168.4.6, 58736, -76
192.168.4.6, 58752, -74
192.168.4.6, 58784, -74
192.168.4.6, 58848, -74
192.168.4.6, 58864, -72
192.168.4.6, 58880, -70
192.168.4.6, 58912, -70
192.168.4.6, 58928, -70
192.168.4.6, 58944, -69
192.168.4.5, 50144, -75
192.168.4.5, 50192, -77
192.168.4.5, 50208, -79
192.168.4.5, 50224, -77
192.168.4.5, 50256, -77
192.168.4.5, 50304, -76
192.168.4.5, 50320, -77
192.168.4.5, 50336, -76
192.168.4.5, 50352, -74
192.168.4.5, 50368, -73
192.168.4.5, 50400, -73
192.168.4.5, 50416, -72
192.168.4.5, 50432, -74
192.168.4.5, 50464, -72
192.168.4.5, 50496, -72
192.168.4.5, 50512, -72
192.168.4.5, 50544, -73
192.168.4.5, 50592, -73
192.168.4.5, 50624, -72
192.168.4.5, 50640, -71
192.168.4.5, 50656, -71
192.168.4.5, 50672, -72
192.168.4.5, 50688, -77
192.168.4.5, 50736, -77
192.168.4.5, 50752, -78
192.168.4.5, 50768, -74
192.168.4.5, 50784, -77
192.168.4.5, 50832, -65
192.168.4.5, 50848, -65
192.168.4.5, 50864, -67
192.168.4.6, 58960, -79
192.168.4.6, 58976, -75
192.168.4.6, 58992, -78
192.168.4.6, 59008, -73
192.168.4.6, 59024, -70
192.168.4.6, 59040, -76
192.168.4.6, 59056, -73
192.168.4.6, 59072, -73
192.168.4.6, 59088, -73
192.168.4.6, 59104, -72
192.168.4.6, 59200, -76
192.168.4.6, 59216, -70
192.168.4.6, 59232, -67
192.168.4.6, 59248, -68
192.168.4.6, 59264, -72
192.168.4.6, 59280, -74
192.168.4.6, 59296, -69
192.168.4.6, 59312, -73
192.168.4.6, 59328, -72
192.168.4.6, 59344, -74
192.168.4.6, 59360, -71
192.168.4.6, 59376, -71
192.168.4.6, 59424, -76
192.168.4.6, 59456, -73
192.168.4.6, 59472, -77
192.168.4.6, 59536, -76
192.168.4.6, 59568, -78
192.168.4.6, 59584, -79
192.168.4.6, 59632, -74
192.168.4.6, 59648, -72
192.168.4.5, 50880, -68
192.168.4.5, 50896, -67
192.168.4.5, 50912, -65
192.168.4.5, 50928, -65
192.168.4.5, 50944, -65
192.168.4.5, 50976, -65
192.168.4.5, 50992, -64
192.168.4.5, 51008, -65
192.168.4.5, 51024, -64
192.168.4.5, 51040, -65
192.168.4.5, 51072, -63
192.168.4.5, 51088, -65
192.168.4.5, 51104, -65
192.168.4.5, 51120, -63
192.168.4.5, 51152, -64
192.168.4.5, 51168, -63
192.168.4.5, 51184, -63
192.168.4.5, 51200, -63
192.168.4.5, 51216, -64
192.168.4.5, 51232, -64
192.168.4.5, 51248, -64
192.168.4.5, 51264, -65
192.168.4.5, 51280, -64
192.168.4.5, 51344, -62
192.168.4.5, 51360, -63
192.168.4.5, 51376, -63
192.168.4.5, 51392, -63
192.168.4.5, 51408, -62
192.168.4.5, 51424, -64
192.168.4.5, 51440, -63
192.168.4.10, 58864, -73
192.168.4.10, 58880, -73
192.168.4.10, 58912, -70
192.168.4.10, 58928, -69
192.168.4.10, 58944, -67
192.168.4.10, 58960, -73
192.168.4.10, 58976, -64
192.168.4.10, 59008, -66
192.168.4.10, 59024, -66
192.168.4.10, 59040, -75
192.168.4.10, 59056, -67
192.168.4.10, 59072, -66
192.168.4.10, 59088, -68
192.168.4.10, 59104, -65
192.168.4.10, 59200, -68
192.168.4.10, 59216, -69
192.168.4.10, 59232, -66
192.168.4.10, 59248, -76
192.168.4.10, 59264, -71
192.168.4.10, 59280, -68
192.168.4.10, 59296, -69
192.168.4.10, 59312, -64
192.168.4.10, 59328, -61
192.168.4.10, 59344, -61
192.168.4.10, 59360, -64
192.168.4.10, 59376, -61
192.168.4.10, 59424, -63
192.168.4.10, 59456, -61
192.168.4.10, 59472, -58
192.168.4.10, 59536, -57
192.168.4.10, 59568, -58
192.168.4.10, 59584, -59
192.168.4.10, 59616, -59
192.168.4.10, 59632, -60
192.168.4.10, 59648, -55
192.168.4.10, 59664, -56
192.168.4.10, 59680, -57
192.168.4.10, 59696, -54
192.168.4.10, 59744, -44
192.168.4.10, 59760, -43
192.168.4.10, 59776, -54
192.168.4.10, 59792, -45
192.168.4.10, 59808, -56
192.168.4.10, 59824, -55
192.168.4.10, 59840, -73
192.168.4.10, 59856, -58
192.168.4.10, 59872, -59
192.168.4.10, 59936, -61
192.168.4.10, 59952, -59
192.168.4.10, 59968, -58
192.168.4.10, 60048, -66
192.168.4.10, 60064, -68
192.168.4.10, 60080, -67
192.168.4.10, 60096, -70
192.168.4.10, 60128, -73
192.168.4.10, 60144, -75
192.168.4.10, 60160, -77
192.168.4.10, 60176, -71
192.168.4.10, 60192, -67
192.168.4.10, 60208, -65
192.168.4.10, 60224, -67
192.168.4.10, 60240, -69
192.168.4.10, 60256, -66
192.168.4.10, 60288, -69
192.168.4.10, 60352, -71
192.168.4.10, 60368, -69
192.168.4.10, 60384, -68
192.168.4.10, 60400, -67
192.168.4.10, 60416, -70
192.168.4.10, 60432, -68
192.168.4.10, 60448, -69
192.168.4.10, 60464, -70
192.168.4.10, 60480, -71
192.168.4.10, 60496, -71
192.168.4.10, 60512, -72
192.168.4.10, 60528, -71
192.168.4.10, 60560, -74
192.168.4.10, 60576, -81
192.168.4.10, 60608, -76
192.168.4.10, 60624, -74
192.168.4.10, 60640, -73
192.168.4.10, 60720, -73
192.168.4.10, 60736, -71
192.168.4.10, 60752, -70
192.168.4.10, 60784, -72
192.168.4.10, 60800, -71
192.168.4.10, 60816, -73
192.168.4.10, 60864, -73
192.168.4.10, 60944, -74
192.168.4.10, 60960, -73
192.168.4.6, 59664, -74
192.168.4.6, 59680, -77
192.168.4.6, 59696, -78
192.168.4.6, 59744, -72
192.168.4.6, 59776, -68
192.168.4.6, 59792, -70
192.168.4.6, 59808, -69
192.168.4.6, 59824, -70
192.168.4.6, 59840, -72
192.168.4.6, 59856, -72
192.168.4.6, 59872, -68
192.168.4.6, 59936, -69
192.168.4.6, 59952, -76
192.168.4.6, 59968, -79
192.168.4.6, 60048, -73
192.168.4.6, 60064, -75
192.168.4.6, 60080, -75
192.168.4.6, 60096, -73
192.168.4.6, 60128, -75
192.168.4.6, 60144, -75
192.168.4.6, 60160, -74
192.168.4.6, 60176, -74
192.168.4.6, 60192, -73
192.168.4.6, 60208, -73
192.168.4.6, 60224, -77
192.168.4.6, 60240, -71
192.168.4.6, 60256, -72
192.168.4.6, 60288, -73
192.168.4.6, 60352, -71
192.168.4.6, 60368, -68
192.168.4.5, 51456, -63
192.168.4.5, 51504, -64
192.168.4.5, 51520, -64
192.168.4.5, 51536, -64
192.168.4.5, 51552, -63
192.168.4.5, 51584, -63
192.168.4.5, 51600, -63
192.168.4.5, 51616, -63
192.168.4.5, 51632, -63
192.168.4.5, 51648, -62
192.168.4.5, 51680, -63
192.168.4.5, 51696, -63
192.168.4.5, 51728, -63
192.168.4.5, 51744, -63
192.168.4.5, 51760, -63
192.168.4.5, 51776, -65
192.168.4.5, 51792, -64
192.168.4.5, 51808, -64
192.168.4.5, 51840, -64
192.168.4.5, 51872, -64
192.168.4.5, 51904, -64
192.168.4.5, 51936, -66
192.168.4.5, 51968, -64
192.168.4.5, 51984, -64
192.168.4.5, 52000, -64
192.168.4.5, 52016, -63
192.168.4.5, 52032, -64
192.168.4.5, 52048, -65
192.168.4.5, 52064, -63
192.168.4.5, 52080, -64
192.168.4.6, 60384, -74
192.168.4.6, 60400, -70
192.168.4.6, 60416, -72
192.168.4.6, 60432, -70
192.168.4.6, 60448, -70
192.168.4.6, 60464, -72
192.168.4.6, 60480, -71
192.168.4.6, 60496, -72
192.168.4.6, 60512, -70
192.168.4.6, 60528, -68
192.168.4.6, 60560, -69
192.168.4.6, 60576, -72
192.168.4.6, 60592, -70
192.168.4.6, 60608, -69
192.168.4.6, 60624, -75
192.168.4.6, 60640, -68
192.168.4.6, 60720, -69
192.168.4.6, 60736, -71
192.168.4.6, 60752, -67
192.168.4.6, 60784, -67
192.168.4.6, 60800, -74
192.168.4.6, 60816, -68
192.168.4.6, 60864, -70
192.168.4.6, 60912, -68
192.168.4.6, 60944, -74
192.168.4.6, 60960, -68
192.168.4.6, 60976, -71
192.168.4.6, 60992, -75
192.168.4.6, 61008, -63
192.168.4.6, 61040, -64
192.168.4.10, 60976, -77
192.168.4.10, 60992, -80
192.168.4.10, 61008, -74
192.168.4.10, 61024, -73
192.168.4.10, 61040, -77
192.168.4.10, 61056, -71
192.168.4.10, 61120, -78
192.168.4.10, 61136, -76
192.168.4.10, 61184, -73
192.168.4.10, 61200, -76
192.168.4.10, 61248, -74
192.168.4.10, 61264, -72
192.168.4.10, 61280, -75
192.168.4.10, 61296, -71
192.168.4.10, 61312, -78
192.168.4.10, 61328, -77
192.168.4.10, 61360, -79
192.168.4.10, 61392, -76
192.168.4.10, 61408, -76
192.168.4.10, 61424, -77
192.168.4.10, 61472, -81
192.168.4.10, 61488, -80
192.168.4.10, 61552, -75
192.168.4.10, 61584, -77
192.168.4.10, 61616, -70
192.168.4.10, 61632, -76
192.168.4.10, 61648, -71
192.168.4.10, 61664, -73
192.168.4.10, 61680, -74
192.168.4.10, 61696, -73
192.168.4.12, 54528, -83
192.168.4.12, 54576, -80
192.168.4.12, 54624, -80
192.168.4.12, 54688, -80
192.168.4.12, 54704, -78
192.168.4.12, 54720, -78
192.168.4.12, 54736, -82
192.168.4.12, 54752, -84
192.168.4.12, 54800, -75
192.168.4.12, 54896, -76
192.168.4.12, 54944, -84
192.168.4.12, 55008, -80
192.168.4.12, 55056, -74
192.168.4.12, 55072, -76
192.168.4.12, 55088, -79
192.168.4.12, 55104, -74
192.168.4.12, 55136, -72
192.168.4.12, 55200, -72
192.168.4.12, 55232, -70
192.168.4.12, 55328, -74
192.168.4.12, 55344, -67
192.168.4.12, 55376, -69
192.168.4.12, 55392, -68
192.168.4.12, 55408, -79
192.168.4.12, 55424, -70
192.168.4.12, 55472, -68
192.168.4.12, 55488, -76
192.168.4.12, 55504, -76
192.168.4.12, 55520, -72
192.168.4.12, 55536, -65
192.168.4.12, 55568, -71
192.168.4.12, 55584, -77
192.168.4.12, 55600, -73
192.168.4.12, 55616, -73
192.168.4.12, 55680, -72
192.168.4.12, 55696, -72
192.168.4.12, 55712, -77
192.168.4.12, 55744, -67
192.168.4.12, 55760, -69
192.168.4.12, 55776, -74
192.168.4.12, 55808, -76
192.168.4.12, 55824, -70
192.168.4.12, 55840, -73
192.168.4.12, 55872, -72
192.168.4.12, 55888, -75
192.168.4.12, 55904, -76
192.168.4.12, 55920, -76
192.168.4.12, 55936, -71
192.168.4.12, 56000, -81
192.168.4.12, 56080, -71
192.168.4.12, 56128, -78
192.168.4.12, 56144, -81
192.168.4.12, 56160, -78
192.168.4.12, 56192, -73
192.168.4.12, 56208, -81
192.168.4.12, 56224, -77
192.168.4.12, 56256, -90
192.168.4.12, 56272, -80
192.168.4.12, 56336, -72
192.168.4.12, 56384, -74
192.168.4.5, 52096, -65
192.168.4.5, 52144, -64
192.168.4.5, 52160, -71
192.168.4.5, 52192, -65
192.168.4.5, 52224, -64
192.168.4.5, 52256, -67
192.168.4.5, 52272, -67
192.168.4.5, 52288, -66
192.168.4.5, 52304, -68
192.168.4.5, 52320, -68
192.168.4.5, 52336, -67
192.168.4.5, 52352, -68
192.168.4.5, 52384, -68
192.168.4.5, 52400, -67
192.168.4.5, 52416, -67
192.168.4.5, 52432, -66
192.168.4.5, 52464, -66
192.168.4.5, 52480, -66
192.168.4.5, 52496, -65
192.168.4.5, 52528, -65
192.168.4.5, 52544, -64
192.168.4.5, 52576, -64
192.168.4.5, 52624, -66
192.168.4.5, 52720, -66
192.168.4.5, 52736, -67
192.168.4.5, 52768, -67
192.168.4.5, 52880, -66
192.168.4.5, 52896, -66
192.168.4.5, 52928, -66
192.168.4.5, 52944, -65
192.168.4.12, 56400, -73
192.168.4.12, 56416, -84
192.168.4.12, 56432, -79
192.168.4.12, 56448, -72
192.168.4.12, 56480, -79
192.168.4.12, 56576, -85
192.168.4.12, 56592, -75
192.168.4.12, 56608, -82
192.168.4.12, 56640, -75
192.168.4.12, 56656, -72
192.168.4.12, 56688, -69
192.168.4.12, 56704, -72
192.168.4.12, 56720, -76
192.168.4.12, 56736, -81
192.168.4.12, 56752, -70
192.168.4.12, 56768, -75
192.168.4.12, 56784, -65
192.168.4.12, 56816, -71
192.168.4.12, 56928, -69
192.168.4.12, 56944, -77
192.168.4.12, 56976, -67
192.168.4.12, 56992, -73
192.168.4.12, 57008, -65
192.168.4.12, 57024, -74
192.168.4.12, 57040, -77
192.168.4.12, 57056, -70
192.168.4.12, 57072, -71
192.168.4.12, 57088, -72
192.168.4.12, 57104, -72
192.168.4.12, 57120, -72
192.168.4.12, 57152, -65
192.168.4.12, 57168, -66
192.168.4.12, 57232, -69
192.168.4.12, 57248, -80
192.168.4.12, 57264, -68
192.168.4.12, 57280, -66
192.168.4.12, 57296, -68
192.168.4.12, 57312, -66
192.168.4.12, 57328, -64
192.168.4.12, 57344, -64
192.168.4.12, 57360, -66
192.168.4.12, 57376, -72
192.168.4.12, 57392, -68
192.168.4.12, 57408, -68
192.168.4.12, 57488, -70
192.168.4.12, 57520, -71
192.168.4.12, 57536, -67
192.168.4.12, 57552, -77
192.168.4.12, 57568, -76
192.168.4.12, 57584, -69
192.168.4.12, 57600, -74
192.168.4.12, 57616, -79
192.168.4.12, 57680, -77
192.168.4.12, 57696, -73
192.168.4.12, 57712, -67
192.168.4.12, 57728, -67
192.168.4.12, 57776, -70
192.168.4.12, 57792, -65
192.168.4.12, 57808, -64
192.168.4.12, 57824, -62
192.168.4.6, 61056, -69
192.168.4.6, 61120, -63
192.168.4.6, 61136, -78
192.168.4.6, 61184, -67
192.168.4.6, 61200, -75
192.168.4.6, 61248, -68
192.168.4.6, 61264, -71
192.168.4.6, 61280, -71
192.168.4.6, 61296, -69
192.168.4.6, 61312, -65
192.168.4.6, 61328, -80
192.168.4.6, 61360, -68
192.168.4.6, 61392, -85
192.168.4.6, 61408, -63
192.168.4.6, 61424, -64
192.168.4.6, 61472, -74
192.168.4.6, 61488, -65
192.168.4.6, 61552, -62
192.168.4.6, 61568, -65
192.168.4.6, 61584, -77
192.168.4.6, 61616, -73
192.168.4.6, 61632, -71
192.168.4.6, 61648, -69
192.168.4.6, 61664, -77
192.168.4.6, 61680, -67
192.168.4.6, 61696, -82
192.168.4.6, 61712, -68
192.168.4.6, 61760, -69
192.168.4.6, 61776, -71
192.168.4.6, 61792, -67
192.168.4.10, 61712, -74
192.168.4.10, 61760, -76
192.168.4.10, 61776, -82
192.168.4.10, 61792, -81
192.168.4.10, 61824, -83
192.168.4.10, 61872, -75
192.168.4.10, 61888, -70
192.168.4.10, 61952, -76
192.168.4.10, 61968, -79
192.168.4.10, 61984, -75
192.168.4.10, 62000, -75
192.168.4.10, 62016, -76
192.168.4.10, 62080, -72
192.168.4.10, 62096, -78
192.168.4.10, 62112, -79
192.168.4.10, 62128, -72
192.168.4.10, 62144, -74
192.168.4.10, 62160, -71
192.168.4.10, 62176, -70
192.168.4.10, 62192, -74
192.168.4.10, 62224, -73
192.168.4.10, 62240, -72
192.168.4.10, 62256, -74
192.168.4.10, 62272, -75
192.168.4.10, 62304, -73
192.168.4.10, 62320, -73
192.168.4.10, 62336, -75
192.168.4.10, 62400, -66
192.168.4.10, 62416, -71
192.168.4.10, 62432, -66
192.168.4.5, 52960, -67
192.168.4.5, 52976, -66
192.168.4.5, 52992, -67
192.168.4.5, 53072, -66
192.168.4.5, 53136, -66
192.168.4.5, 53152, -67
192.168.4.5, 53184, -66
192.168.4.5, 53216, -66
192.168.4.5, 53248, -66
192.168.4.5, 53264, -66
192.168.4.5, 53344, -67
192.168.4.5, 53360, -66
192.168.4.5, 53408, -66
192.168.4.5, 53424, -67
192.168.4.5, 53440, -67
192.168.4.5, 53536, -65
192.168.4.5, 53568, -67
192.168.4.5, 53584, -67
192.168.4.5, 53600, -66
192.168.4.5, 53616, -65
192.168.4.5, 53648, -66
192.168.4.5, 53664, -65
192.168.4.5, 53728, -67
192.168.4.5, 53744, -64
192.168.4.5, 53760, -65
192.168.4.5, 53776, -66
192.168.4.5, 53840, -67
192.168.4.5, 53856, -62
192.168.4.5, 53872, -62
192.168.4.5, 53888, -61
192.168.4.10, 62448, -65
192.168.4.10, 62464, -66
192.168.4.10, 62480, -65
192.168.4.10, 62496, -64
192.168.4.10, 62512, -65
192.168.4.10, 62528, -71
192.168.4.10, 62544, -64
192.168.4.10, 62592, -71
192.168.4.10, 62608, -70
192.168.4.10, 62624, -65
192.168.4.10, 62640, -70
192.168.4.10, 62704, -70
192.168.4.10, 62752, -78
192.168.4.10, 62768, -78
192.168.4.10, 62784, -78
192.168.4.10, 62800, -78
192.168.4.10, 62816, -74
192.168.4.10, 62864, -69
192.168.4.10, 62880, -69
192.168.4.10, 62896, -70
192.168.4.10, 62912, -69
192.168.4.10, 62928, -70
192.168.4.10, 62944, -68
192.168.4.10, 62960, -69
192.168.4.10, 62976, -68
192.168.4.10, 63024, -67
192.168.4.10, 63056, -70
192.168.4.10, 63072, -72
192.168.4.10, 63088, -71
192.168.4.10, 63136, -72
192.168.4.5, 53936, -60
192.168.4.5, 53952, -60
192.168.4.5, 54048, -61
192.168.4.5, 54112, -61
192.168.4.5, 54240, -64
192.168.4.5, 54256, -63
192.168.4.5, 54272, -61
192.168.4.5, 54320, -64
192.168.4.5, 54336, -63
192.168.4.5, 54352, -64
192.168.4.5, 54368, -60
192.168.4.5, 54416, -62
192.168.4.5, 54480, -62
192.168.4.5, 54496, -63
192.168.4.5, 54512, -64
192.168.4.5, 54528, -67
192.168.4.5, 54544, -64
192.168.4.5, 54576, -64
192.168.4.5, 54624, -64
192.168.4.5, 54688, -64
192.168.4.5, 54704, -63
192.168.4.5, 54720, -64
192.168.4.5, 54736, -60
192.168.4.5, 54752, -63
192.168.4.5, 54800, -62
192.168.4.5, 54896, -67
192.168.4.5, 54928, -67
192.168.4.5, 54944, -63
192.168.4.5, 55008, -67
192.168.4.5, 55040, -69
192.168.4.6, 61824, -71
192.168.4.6, 61856, -66
192.168.4.6, 61872, -73
192.168.4.6, 61888, -70
192.168.4.6, 61952, -82
192.168.4.6, 61968, -72
192.168.4.6, 61984, -78
192.168.4.6, 62000, -68
192.168.4.6, 62016, -68
192.168.4.6, 62080, -73
192.168.4.6, 62096, -66
192.168.4.6, 62112, -70
192.168.4.6, 62128, -71
192.168.4.6, 62144, -74
192.168.4.6, 62160, -78
192.168.4.6, 62176, -76
192.168.4.6, 62192, -76
192.168.4.6, 62224, -75
192.168.4.6, 62240, -68
192.168.4.6, 62256, -78
192.168.4.6, 62272, -68
192.168.4.6, 62304, -65
192.168.4.6, 62320, -72
192.168.4.6, 62336, -78
192.168.4.6, 62400, -68
192.168.4.6, 62416, -71
192.168.4.6, 62432, -69
192.168.4.6, 62448, -73
192.168.4.6, 62464, -71
192.168.4.6, 62480, -70
192.168.4.10, 63152, -72
192.168.4.10, 63168, -82
192.168.4.10, 63184, -81
192.168.4.10, 63200, -79
192.168.4.10, 63216, -74
192.168.4.10, 63232, -75
192.168.4.10, 63248, -66
192.168.4.10, 63264, -65
192.168.4.10, 63280, -69
192.168.4.10, 63296, -62
192.168.4.10, 63312, -64
192.168.4.10, 63328, -60
192.168.4.10, 63360, -66
192.168.4.10, 63440, -69
192.168.4.10, 63504, -69
192.168.4.10, 63568, -68
192.168.4.10, 63616, -67
192.168.4.10, 63632, -64
192.168.4.10, 63648, -63
192.168.4.10, 63664, -63
192.168.4.10, 63680, -64
192.168.4.10, 63696, -61
192.168.4.10, 63712, -61
192.168.4.10, 63728, -62
192.168.4.10, 63792, -62
192.168.4.10, 63840, -62
192.168.4.10, 63856, -62
192.168.4.10, 63872, -63
192.168.4.10, 63888, -63
192.168.4.10, 63936, -63
192.168.4.6, 62496, -78
192.168.4.6, 62512, -68
192.168.4.6, 62528, -71
192.168.4.6, 62544, -66
192.168.4.6, 62592, -71
192.168.4.6, 62608, -73
192.168.4.6, 62624, -68
192.168.4.6, 62640, -66
192.168.4.6, 62704, -82
192.168.4.6, 62720, -70
192.168.4.6, 62736, -68
192.168.4.6, 62752, -69
192.168.4.6, 62768, -73
192.168.4.6, 62784, -71
192.168.4.6, 62800, -71
192.168.4.6, 62816, -69
192.168.4.6, 62864, -67
192.168.4.6, 62880, -71
192.168.4.6, 62896, -70
192.168.4.6, 62912, -66
192.168.4.6, 62928, -66
192.168.4.6, 62944, -66
192.168.4.6, 62960, -65
192.168.4.6, 62976, -64
192.168.4.6, 63024, -68
192.168.4.6, 63056, -66
192.168.4.6, 63072, -66
192.168.4.6, 63088, -67
192.168.4.6, 63136, -68
192.168.4.6, 63152, -67
192.168.4.5, 55056, -63
192.168.4.5, 55072, -62
192.168.4.5, 55088, -63
192.168.4.5, 55104, -63
192.168.4.5, 55136, -62
192.168.4.5, 55200, -60
192.168.4.5, 55232, -60
192.168.4.5, 55328, -66
192.168.4.5, 55344, -65
192.168.4.5, 55376, -64
192.168.4.5, 55392, -61
192.168.4.5, 55408, -62
192.168.4.5, 55424, -66
192.168.4.5, 55472, -62
192.168.4.5, 55488, -59
192.168.4.5, 55504, -74
192.168.4.5, 55520, -63
192.168.4.5, 55536, -60
192.168.4.5, 55568, -59
192.168.4.5, 55584, -62
192.168.4.5, 55600, -59
192.168.4.5, 55616, -59
192.168.4.5, 55680, -67
192.168.4.5, 55696, -65
192.168.4.5, 55712, -60
192.168.4.5, 55744, -70
192.168.4.5, 55760, -60
192.168.4.5, 55776, -59
192.168.4.5, 55808, -64
192.168.4.5, 55824, -61
192.168.4.7, 1168, -70
192.168.4.7, 1184, -71
192.168.4.7, 1200, -71
192.168.4.7, 1264, -70
192.168.4.7, 1280, -69
192.168.4.7, 1296, -69
192.168.4.7, 1312, -70
192.168.4.7, 1328, -70
192.168.4.7, 1376, -67
192.168.4.7, 1392, -70
192.168.4.7, 1408, -69
192.168.4.7, 1424, -71
192.168.4.7, 1456, -80
192.168.4.7, 1472, -71
192.168.4.7, 1504, -71
192.168.4.7, 1520, -70
192.168.4.7, 1552, -69
192.168.4.7, 1568, -71
192.168.4.7, 1584, -70
192.168.4.7, 1600, -70
192.168.4.7, 1616, -68
192.168.4.7, 1632, -70
192.168.4.7, 1664, -82
192.168.4.7, 1696, -70
192.168.4.7, 1712, -70
192.168.4.7, 1728, -72
192.168.4.7, 1744, -70
192.168.4.7, 1760, -69
192.168.4.7, 1776, -69
192.168.4.7, 1792, -69
192.168.4.7, 1808, -69
192.168.4.7, 1824, -80
192.168.4.7, 1872, -72
192.168.4.7, 1888, -72
192.168.4.7, 1936, -72
192.168.4.7, 1952, -72
192.168.4.7, 2048, -72
192.168.4.7, 2064, -72
192.168.4.7, 2112, -82
192.168.4.7, 2176, -71
192.168.4.7, 2208, -72
192.168.4.7, 2224, -71
192.168.4.7, 2240, -70
192.168.4.7, 2320, -71
192.168.4.7, 2384, -71
192.168.4.7, 2400, -68
192.168.4.7, 2416, -68
192.168.4.7, 2448, -70
192.168.4.7, 2464, -69
192.168.4.7, 2640, -73
192.168.4.7, 2672, -71
192.168.4.7, 2688, -71
192.168.4.7, 2736, -71
192.168.4.7, 2768, -69
192.168.4.7, 2784, -71
192.168.4.7, 2864, -71
192.168.4.7, 2880, -79
192.168.4.7, 2896, -69
192.168.4.7, 2928, -69
192.168.4.7, 2944, -69
192.168.4.7, 2960, -70
192.168.4.7, 2976, -71
192.168.4.7, 2992, -69
192.168.4.7, 3008, -69
192.168.4.7, 3024, -69
192.168.4.7, 3072, -80
192.168.4.7, 3088, -69
192.168.4.7, 3120, -69
192.168.4.7, 3136, -70
192.168.4.7, 3152, -83
192.168.4.7, 3168, -70
192.168.4.7, 3184, -70
192.168.4.7, 3200, -70
192.168.4.7, 3216, -69
192.168.4.7, 3232, -69
192.168.4.7, 3248, -69
192.168.4.7, 3264, -71
192.168.4.7, 3296, -70
192.168.4.7, 3344, -71
192.168.4.7, 3360, -83
192.168.4.7, 3376, -69
192.168.4.7, 3392, -70
192.168.4.7, 3408, -69
192.168.4.7, 3424, -71
192.168.4.7, 3440, -71
192.168.4.7, 3456, -69
192.168.4.7, 3472, -70
192.168.4.7, 3488, -70
192.168.4.7, 3536, -71
192.168.4.7, 3552, -69
192.168.4.6, 63168, -66
192.168.4.6, 63184, -69
192.168.4.6, 63200, -68
192.168.4.6, 63216, -68
192.168.4.6, 63232, -69
192.168.4.6, 63248, -69
192.168.4.6, 63264, -66
192.168.4.6, 63280, -66
192.168.4.6, 63296, -64
192.168.4.6, 63312, -65
192.168.4.6, 63328, -66
192.168.4.6, 63360, -63
192.168.4.6, 63440, -64
192.168.4.6, 63504, -66
192.168.4.6, 63568, -64
192.168.4.6, 63616, -65
192.168.4.6, 63632, -65
192.168.4.6, 63648, -64
192.168.4.6, 63664, -65
192.168.4.6, 63680, -65
192.168.4.6, 63696, -64
192.168.4.6, 63712, -65
192.168.4.6, 63728, -65
192.168.4.6, 63792, -63
192.168.4.6, 63840, -64
192.168.4.6, 63856, -65
192.168.4.6, 63872, -63
192.168.4.6, 63888, -64
192.168.4.6, 63936, -64
192.168.4.6, 63952, -64
192.168.4.7, 3568, -71
192.168.4.7, 3584, -71
192.168.4.7, 3600, -70
192.168.4.7, 3632, -71
192.168.4.7, 3648, -72
192.168.4.7, 3696, -71
192.168.4.7, 3712, -70
192.168.4.7, 3728, -70
192.168.4.7, 3760, -70
192.168.4.7, 3776, -69
192.168.4.7, 3792, -70
192.168.4.7, 3808, -70
192.168.4.7, 3856, -69
192.168.4.7, 3872, -72
192.168.4.7, 3888, -69
192.168.4.7, 3904, -70
192.168.4.7, 3920, -69
192.168.4.7, 3936, -69
192.168.4.7, 3952, -69
192.168.4.7, 3984, -71
192.168.4.7, 4000, -69
192.168.4.7, 4016, -71
192.168.4.7, 4032, -71
192.168.4.7, 4048, -69
192.168.4.7, 4064, -71
192.168.4.7, 4096, -70
192.168.4.7, 4112, -69
192.168.4.7, 4128, -71
192.168.4.7, 4144, -71
192.168.4.7, 4160, -69
192.168.4.10, 63952, -61
192.168.4.10, 63984, -62
192.168.4.10, 64000, -62
192.168.4.10, 64016, -64
192.168.4.10, 64032, -63
192.168.4.10, 64048, -63
192.168.4.10, 64064, -63
192.168.4.10, 64112, -64
192.168.4.10, 64128, -62
192.168.4.10, 64144, -64
192.168.4.10, 64160, -62
192.168.4.10, 64176, -63
192.168.4.10, 64192, -63
192.168.4.10, 64208, -63
192.168.4.10, 64224, -62
192.168.4.10, 64240, -62
192.168.4.10, 64256, -63
192.168.4.10, 64272, -63
192.168.4.10, 64352, -62
192.168.4.10, 64384, -64
192.168.4.10, 64400, -61
192.168.4.10, 64416, -64
192.168.4.10, 64432, -62
192.168.4.10, 64448, -62
192.168.4.10, 64464, -62
192.168.4.10, 64480, -62
192.168.4.10, 64496, -62
192.168.4.10, 64512, -63
192.168.4.10, 64528, -61
192.168.4.10, 64544, -64
192.168.4.5, 55840, -64
192.168.4.5, 55872, -57
192.168.4.5, 55888, -58
192.168.4.5, 55904, -58
192.168.4.5, 55920, -64
192.168.4.5, 55936, -59
192.168.4.5, 56000, -59
192.168.4.5, 56064, -62
192.168.4.5, 56080, -53
192.168.4.5, 56128, -82
192.168.4.5, 56160, -59
192.168.4.5, 56176, -58
192.168.4.5, 56192, -58
192.168.4.5, 56208, -51
192.168.4.5, 56224, -56
192.168.4.5, 56240, -58
192.168.4.5, 56256, -59
192.168.4.5, 56272, -60
192.168.4.5, 56336, -66
192.168.4.5, 56384, -71
192.168.4.5, 56400, -66
192.168.4.5, 56416, -71
192.168.4.5, 56432, -70
192.168.4.5, 56480, -71
192.168.4.5, 56576, -69
192.168.4.5, 56592, -67
192.168.4.5, 56608, -68
192.168.4.5, 56640, -70
192.168.4.5, 56656, -68
192.168.4.5, 56704, -74
192.168.4.12, 58528, -63
192.168.4.12, 58544, -62
192.168.4.12, 58560, -66
192.168.4.12, 58576, -66
192.168.4.12, 58624, -70
192.168.4.12, 58640, -72
192.168.4.12, 58656, -71
192.168.4.12, 58672, -70
192.168.4.12, 58688, -70
192.168.4.12, 58704, -70
192.168.4.12, 58736, -73
192.168.4.12, 58752, -73
192.168.4.12, 58768, -70
192.168.4.12, 58784, -71
192.168.4.12, 58848, -70
192.168.4.12, 58864, -70
192.168.4.12, 58880, -73
192.168.4.12, 58912, -73
192.168.4.12, 58928, -73
192.168.4.12, 58944, -73
192.168.4.12, 58960, -72
192.168.4.12, 58976, -76
192.168.4.12, 58992, -75
192.168.4.12, 59008, -76
192.168.4.12, 59024, -76
192.168.4.12, 59040, -74
192.168.4.12, 59072, -83
192.168.4.12, 59088, -75
192.168.4.12, 59104, -75
192.168.4.12, 59200, -74
192.168.4.12, 59216, -79
192.168.4.12, 59232, -76
192.168.4.12, 59248, -79
192.168.4.12, 59264, -78
192.168.4.12, 59280, -76
192.168.4.12, 59296, -76
192.168.4.12, 59312, -76
192.168.4.12, 59328, -76
192.168.4.12, 59344, -74
192.168.4.12, 59360, -82
192.168.4.12, 59376, -79
192.168.4.12, 59424, -81
192.168.4.12, 59456, -81
192.168.4.12, 59536, -81
192.168.4.12, 59568, -82
192.168.4.12, 59584, -83
192.168.4.12, 59616, -82
192.168.4.12, 59632, -80
192.168.4.12, 59648, -85
192.168.4.12, 59664, -78
192.168.4.12, 59680, -84
192.168.4.12, 59696, -79
192.168.4.12, 59776, -86
192.168.4.12, 59792, -85
192.168.4.12, 59824, -81
192.168.4.12, 59856, -83
192.168.4.12, 59872, -82
192.168.4.12, 59952, -81
192.168.4.12, 59968, -84
192.168.4.12, 60048, -79
192.168.4.12, 60064, -86
192.168.4.12, 60080, -79
192.168.4.12, 60096, -76
192.168.4.12, 60144, -79
192.168.4.12, 60160, -83
192.168.4.12, 60176, -82
192.168.4.12, 60192, -82
192.168.4.12, 60208, -80
192.168.4.12, 60224, -79
192.168.4.12, 60240, -84
192.168.4.12, 60256, -81
192.168.4.12, 60288, -81
192.168.4.12, 60352, -83
192.168.4.12, 60368, -80
192.168.4.12, 60384, -78
192.168.4.12, 60400, -75
192.168.4.12, 60416, -77
192.168.4.12, 60432, -78
192.168.4.12, 60448, -78
192.168.4.12, 60464, -81
192.168.4.12, 60480, -78
192.168.4.12, 60496, -79
192.168.4.12, 60512, -78
192.168.4.12, 60528, -80
192.168.4.12, 60560, -79
192.168.4.12, 60576, -81
192.168.4.12, 60592, -79
192.168.4.12, 60608, -81
192.168.4.12, 60624, -79
192.168.4.12, 60640, -76
192.168.4.6, 63984, -64
192.168.4.6, 64000, -64
192.168.4.6, 64016, -64
192.168.4.6, 64032, -65
192.168.4.6, 64048, -64
192.168.4.6, 64064, -65
192.168.4.6, 64112, -65
192.168.4.6, 64128, -65
192.168.4.6, 64144, -64
192.168.4.6, 64160, -65
192.168.4.6, 64176, -64
192.168.4.6, 64192, -65
192.168.4.6, 64208, -63
192.168.4.6, 64224, -64
192.168.4.6, 64240, -64
192.168.4.6, 64256, -64
192.168.4.6, 64272, -63
192.168.4.6, 64352, -64
192.168.4.6, 64384, -65
192.168.4.6, 64400, -63
192.168.4.6, 64416, -64
192.168.4.6, 64432, -65
192.168.4.6, 64448, -66
192.168.4.6, 64464, -65
192.168.4.6, 64480, -64
192.168.4.6, 64496, -64
192.168.4.6, 64512, -65
192.168.4.6, 64528, -64
192.168.4.6, 64544, -65
192.168.4.6, 64560, -64
192.168.4.7, 4176, -71
192.168.4.7, 4240, -71
192.168.4.7, 4256, -69
192.168.4.7, 4272, -71
192.168.4.7, 4288, -72
192.168.4.7, 4304, -71
192.168.4.7, 4320, -70
192.168.4.7, 4336, -71
192.168.4.7, 4352, -70
192.168.4.7, 4368, -71
192.168.4.7, 4400, -70
192.168.4.7, 4416, -69
192.168.4.7, 4480, -71
192.168.4.7, 4496, -71
192.168.4.7, 4512, -69
192.168.4.7, 4528, -70
192.168.4.7, 4544, -70
192.168.4.7, 4560, -70
192.168.4.7, 4592, -69
192.168.4.7, 4608, -70
192.168.4.7, 4624, -69
192.168.4.7, 4640, -71
192.168.4.7, 4656, -69
192.168.4.7, 4704, -72
192.168.4.7, 4720, -70
192.168.4.7, 4736, -69
192.168.4.7, 4752, -70
192.168.4.7, 4768, -69
192.168.4.7, 4784, -70
192.168.4.7, 4800, -71
192.168.4.5, 56720, -73
192.168.4.5, 56736, -70
192.168.4.5, 56752, -68
192.168.4.5, 56784, -67
192.168.4.5, 56816, -73
192.168.4.5, 56928, -76
192.168.4.5, 56976, -68
192.168.4.5, 56992, -66
192.168.4.5, 57008, -65
192.168.4.5, 57024, -68
192.168.4.5, 57040, -66
192.168.4.5, 57056, -64
192.168.4.5, 57072, -67
192.168.4.5, 57088, -68
192.168.4.5, 57104, -65
192.168.4.5, 57120, -64
192.168.4.5, 57152, -67
192.168.4.5, 57168, -73
192.168.4.5, 57232, -66
192.168.4.5, 57248, -68
192.168.4.5, 57264, -63
192.168.4.5, 57280, -68
192.168.4.5, 57312, -63
192.168.4.5, 57328, -65
192.168.4.5, 57344, -68
192.168.4.5, 57360, -66
192.168.4.5, 57376, -71
192.168.4.5, 57392, -69
192.168.4.5, 57408, -68
192.168.4.5, 57488, -65
192.168.4.10, 64560, -63
192.168.4.10, 64576, -62
192.168.4.10, 64656, -64
192.168.4.10, 64704, -62
192.168.4.10, 64736, -63
192.168.4.10, 64752, -63
192.168.4.10, 64768, -62
192.168.4.10, 64784, -64
192.168.4.10, 64800, -63
192.168.4.10, 64832, -63
192.168.4.10, 64848, -65
192.168.4.10, 64864, -63
192.168.4.10, 64880, -66
192.168.4.10, 64896, -66
192.168.4.10, 64960, -65
192.168.4.10, 64976, -65
192.168.4.10, 64992, -66
192.168.4.10, 65008, -64
192.168.4.10, 65024, -66
192.168.4.10, 65040, -65
192.168.4.10, 65072, -65
192.168.4.10, 65088, -67
192.168.4.10, 65104, -66
192.168.4.10, 65120, -67
192.168.4.10, 65136, -65
192.168.4.10, 65152, -65
192.168.4.10, 65184, -66
192.168.4.10, 65200, -65
192.168.4.10, 65216, -65
192.168.4.10, 65232, -65
192.168.4.3, 2560, -73
192.168.4.3, 2672, -72
192.168.4.3, 2688, -73
192.168.4.3, 2704, -72
192.168.4.3, 2736, -74
192.168.4.3, 2752, -73
192.168.4.3, 2768, -74
192.168.4.3, 2784, -75
192.168.4.3, 2800, -72
192.168.4.3, 2848, -73
192.168.4.3, 2896, -72
192.168.4.3, 2912, -73
192.168.4.3, 2928, -73
192.168.4.3, 2944, -73
192.168.4.3, 2960, -73
192.168.4.3, 2976, -72
192.168.4.3, 2992, -73
192.168.4.3, 3008, -73
192.168.4.3, 3024, -72
192.168.4.3, 3072, -74
192.168.4.3, 3088, -73
192.168.4.3, 3120, -73
192.168.4.3, 3136, -73
192.168.4.3, 3152, -85
192.168.4.3, 3168, -74
192.168.4.3, 3184, -74
192.168.4.3, 3200, -75
192.168.4.3, 3216, -73
192.168.4.3, 3232, -73
192.168.4.3, 3248, -82
192.168.4.6, 64576, -64
192.168.4.6, 64656, -65
192.168.4.6, 64704, -64
192.168.4.6, 64736, -65
192.168.4.6, 64752, -63
192.168.4.6, 64768, -63
192.168.4.6, 64784, -65
192.168.4.6, 64800, -65
192.168.4.6, 64832, -64
192.168.4.6, 64848, -65
192.168.4.6, 64864, -65
192.168.4.6, 64880, -64
192.168.4.6, 64896, -65
192.168.4.6, 64960, -64
192.168.4.6, 64976, -64
192.168.4.6, 64992, -65
192.168.4.6, 65008, -64
192.168.4.6, 65024, -64
192.168.4.6, 65040, -63
192.168.4.6, 65072, -64
192.168.4.6, 65088, -64
192.168.4.6, 65104, -63
192.168.4.6, 65120, -64
192.168.4.6, 65136, -64
192.168.4.6, 65152, -65
192.168.4.6, 65184, -65
192.168.4.6, 65200, -64
192.168.4.6, 65216, -64
192.168.4.6, 65232, -65
192.168.4.6, 65248, -65
192.168.4.3, 3264, -74
192.168.4.3, 3296, -73
192.168.4.3, 3344, -73
192.168.4.3, 3376, -72
192.168.4.3, 3392, -73
192.168.4.3, 3408, -84
192.168.4.3, 3424, -72
192.168.4.3, 3440, -72
192.168.4.3, 3456, -74
192.168.4.3, 3472, -74
192.168.4.3, 3488, -73
192.168.4.3, 3536, -74
192.168.4.3, 3552, -73
192.168.4.3, 3568, -75
192.168.4.3, 3584, -73
192.168.4.3, 3600, -74
192.168.4.3, 3632, -73
192.168.4.3, 3664, -74
192.168.4.3, 3680, -72
192.168.4.3, 3696, -73
192.168.4.3, 3712, -74
192.168.4.3, 3728, -73
192.168.4.3, 3760, -74
192.168.4.3, 3776, -73
192.168.4.3, 3792, -74
192.168.4.3, 3808, -72
192.168.4.3, 3840, -74
192.168.4.3, 3856, -74
192.168.4.3, 3904, -73
192.168.4.3, 3920, -73
192.168.4.7, 4816, -70
192.168.4.7, 4832, -70
192.168.4.7, 4848, -71
192.168.4.7, 4880, -71
192.168.4.7, 4928, -71
192.168.4.7, 4944, -71
192.168.4.7, 4960, -69
192.168.4.7, 4992, -69
192.168.4.7, 5008, -68
192.168.4.7, 5040, -70
192.168.4.7, 5056, -70
192.168.4.7, 5072, -70
192.168.4.7, 5088, -70
192.168.4.7, 5104, -71
192.168.4.7, 5120, -69
192.168.4.7, 5216, -70
192.168.4.7, 5232, -71
192.168.4.7, 5264, -64
192.168.4.7, 5280, -69
192.168.4.7, 5296, -70
192.168.4.7, 5376, -70
192.168.4.7, 5392, -70
192.168.4.7, 5408, -69
192.168.4.7, 5424, -69
192.168.4.7, 5456, -70
192.168.4.7, 5472, -70
192.168.4.7, 5488, -70
192.168.4.7, 5504, -69
192.168.4.7, 5520, -71
192.168.4.7, 5552, -69
192.168.4.10, 65248, -67
192.168.4.10, 65264, -65
192.168.4.10, 65280, -68
192.168.4.10, 65296, -66
192.168.4.10, 65312, -66
192.168.4.10, 65328, -66
192.168.4.10, 65344, -65
192.168.4.10, 65360, -66
192.168.4.10, 65376, -66
192.168.4.10, 65408, -67
192.168.4.10, 65424, -67
192.168.4.10, 65472, -69
192.168.4.10, 65520, -66
192.168.4.10, 16, -65
192.168.4.10, 32, -67
192.168.4.10, 48, -65
192.168.4.10, 64, -67
192.168.4.10, 80, -66
192.168.4.10, 96, -66
192.168.4.10, 144, -67
192.168.4.10, 160, -66
192.168.4.10, 176, -65
192.168.4.10, 192, -65
192.168.4.10, 208, -65
192.168.4.10, 224, -65
192.168.4.10, 240, -66
192.168.4.10, 256, -66
192.168.4.10, 272, -66
192.168.4.10, 288, -68
192.168.4.10, 336, -65
192.168.4.5, 57520, -65
192.168.4.5, 57536, -66
192.168.4.5, 57552, -71
192.168.4.5, 57584, -71
192.168.4.5, 57600, -74
192.168.4.5, 57696, -79
192.168.4.5, 57712, -75
192.168.4.5, 57776, -74
192.168.4.5, 57792, -76
192.168.4.5, 57824, -74
192.168.4.5, 57872, -74
192.168.4.5, 58032, -72
192.168.4.5, 58096, -74
192.168.4.5, 58112, -75
192.168.4.5, 58192, -79
192.168.4.5, 58288, -75
192.168.4.5, 58320, -73
192.168.4.5, 58336, -70
192.168.4.5, 58352, -67
192.168.4.5, 58384, -67
192.168.4.5, 58400, -69
192.168.4.5, 58480, -69
192.168.4.5, 58496, -72
192.168.4.5, 58512, -77
192.168.4.5, 58528, -72
192.168.4.5, 58560, -75
192.168.4.5, 58576, -70
192.168.4.5, 58624, -69
192.168.4.5, 58640, -72
192.168.4.5, 58656, -73
192.168.4.3, 3936, -74
192.168.4.3, 3952, -74
192.168.4.3, 3984, -72
192.168.4.3, 4000, -74
192.168.4.3, 4016, -74
192.168.4.3, 4048, -73
192.168.4.3, 4064, -73
192.168.4.3, 4096, -73
192.168.4.3, 4112, -73
192.168.4.3, 4128, -74
192.168.4.3, 4144, -73
192.168.4.3, 4160, -72
192.168.4.3, 4176, -74
192.168.4.3, 4240, -73
192.168.4.3, 4256, -72
192.168.4.3, 4272, -73
192.168.4.3, 4288, -73
192.168.4.3, 4320, -73
192.168.4.3, 4336, -73
192.168.4.3, 4352, -74
192.168.4.3, 4368, -74
192.168.4.3, 4400, -74
192.168.4.3, 4416, -74
192.168.4.3, 4480, -75
192.168.4.3, 4496, -73
192.168.4.3, 4512, -73
192.168.4.3, 4528, -72
192.168.4.3, 4544, -75
192.168.4.3, 4560, -72
192.168.4.3, 4576, -74
192.168.4.7, 5600, -71
192.168.4.7, 5616, -69
192.168.4.7, 5632, -71
192.168.4.7, 5648, -70
192.168.4.7, 5664, -70
192.168.4.7, 5728, -68
192.168.4.7, 5744, -71
192.168.4.7, 5760, -71
192.168.4.7, 5792, -69
192.168.4.7, 5808, -70
192.168.4.7, 5824, -70
192.168.4.7, 5840, -69
192.168.4.7, 5856, -72
192.168.4.7, 5872, -70
192.168.4.7, 5888, -69
192.168.4.7, 5952, -70
192.168.4.7, 5984, -79
192.168.4.7, 6016, -69
192.168.4.7, 6048, -69
192.168.4.7, 6064, -71
192.168.4.7, 6080, -90
192.168.4.7, 6096, -70
192.168.4.7, 6112, -71
192.168.4.7, 6144, -83
192.168.4.7, 6208, -70
192.168.4.7, 6224, -70
192.168.4.7, 6240, -71
192.168.4.7, 6256, -71
192.168.4.7, 6272, -71
192.168.4.7, 6288, -70
192.168.4.10, 352, -64
192.168.4.10, 384, -66
192.168.4.10, 400, -65
192.168.4.10, 416, -66
192.168.4.10, 432, -65
192.168.4.10, 448, -66
192.168.4.10, 464, -65
192.168.4.10, 480, -65
192.168.4.10, 512, -65
192.168.4.10, 528, -64
192.168.4.10, 544, -64
192.168.4.10, 560, -66
192.168.4.10, 576, -65
192.168.4.10, 640, -65
192.168.4.10, 656, -61
192.168.4.10, 672, -63
192.168.4.10, 688, -63
192.168.4.10, 704, -62
192.168.4.10, 720, -62
192.168.4.10, 752, -62
192.168.4.10, 768, -62
192.168.4.10, 784, -63
192.168.4.10, 800, -64
192.168.4.10, 816, -63
192.168.4.10, 864, -64
192.168.4.10, 880, -64
192.168.4.10, 896, -63
192.168.4.10, 912, -63
192.168.4.10, 928, -65
192.168.4.10, 944, -64
192.168.4.6, 65264, -62
192.168.4.6, 65280, -66
192.168.4.6, 65296, -65
192.168.4.6, 65312, -65
192.168.4.6, 65328, -65
192.168.4.6, 65344, -65
192.168.4.6, 65360, -65
192.168.4.6, 65376, -65
192.168.4.6, 65408, -64
192.168.4.6, 65424, -64
192.168.4.6, 65472, -63
192.168.4.6, 65520, -64
192.168.4.6, 16, -65
192.168.4.6, 32, -65
192.168.4.6, 48, -66
192.168.4.6, 64, -65
192.168.4.6, 80, -65
192.168.4.6, 96, -64
192.168.4.6, 144, -64
192.168.4.6, 160, -65
192.168.4.6, 176, -65
192.168.4.6, 192, -64
192.168.4.6, 208, -63
192.168.4.6, 224, -64
192.168.4.6, 240, -63
192.168.4.6, 256, -68
192.168.4.6, 272, -68
192.168.4.6, 288, -67
192.168.4.6, 336, -66
192.168.4.6, 352, -65
192.168.4.5, 58672, -72
192.168.4.5, 58688, -71
192.168.4.5, 58704, -71
192.168.4.5, 58736, -71
192.168.4.5, 58752, -72
192.168.4.5, 58848, -69
192.168.4.5, 58864, -76
192.168.4.5, 58912, -72
192.168.4.5, 58928, -69
192.168.4.5, 58944, -71
192.168.4.5, 58960, -71
192.168.4.5, 58976, -70
192.168.4.5, 58992, -72
192.168.4.5, 59008, -70
192.168.4.5, 59040, -73
192.168.4.5, 59072, -75
192.168.4.5, 59088, -73
192.168.4.5, 59104, -70
192.168.4.5, 59200, -68
192.168.4.5, 59216, -70
192.168.4.5, 59232, -71
192.168.4.5, 59248, -73
192.168.4.5, 59264, -74
192.168.4.5, 59280, -73
192.168.4.5, 59296, -74
192.168.4.5, 59312, -77
192.168.4.5, 59344, -72
192.168.4.5, 59360, -67
192.168.4.5, 59376, -66
192.168.4.5, 59424, -69
192.168.4.12, 60720, -79
192.168.4.12, 60736, -79
192.168.4.12, 60752, -85
192.168.4.12, 60784, -78
192.168.4.12, 60800, -75
192.168.4.12, 60816, -78
192.168.4.12, 60864, -73
192.168.4.12, 60944, -80
192.168.4.12, 60960, -77
192.168.4.12, 60976, -83
192.168.4.12, 60992, -79
192.168.4.12, 61008, -74
192.168.4.12, 61024, -72
192.168.4.12, 61040, -69
192.168.4.12, 61056, -76
192.168.4.12, 61120, -78
192.168.4.12, 61136, -74
192.168.4.12, 61184, -71
192.168.4.12, 61200, -73
192.168.4.12, 61248, -70
192.168.4.12, 61264, -69
192.168.4.12, 61280, -72
192.168.4.12, 61296, -73
192.168.4.12, 61312, -77
192.168.4.12, 61328, -79
192.168.4.12, 61360, -76
192.168.4.12, 61392, -80
192.168.4.12, 61408, -71
192.168.4.12, 61424, -90
192.168.4.12, 61472, -72
192.168.4.12, 61488, -70
192.168.4.12, 61552, -70
192.168.4.12, 61584, -68
192.168.4.12, 61616, -66
192.168.4.12, 61632, -68
192.168.4.12, 61648, -77
192.168.4.12, 61664, -72
192.168.4.12, 61680, -74
192.168.4.12, 61696, -72
192.168.4.12, 61712, -75
192.168.4.12, 61760, -76
192.168.4.12, 61776, -79
192.168.4.12, 61792, -75
192.168.4.12, 61824, -77
192.168.4.12, 61856, -72
192.168.4.12, 61872, -78
192.168.4.12, 61888, -80
192.168.4.12, 61952, -74
192.168.4.12, 61968, -74
192.168.4.12, 61984, -78
192.168.4.12, 62000, -77
192.168.4.12, 62016, -77
192.168.4.12, 62080, -71
192.168.4.12, 62096, -78
192.168.4.12, 62112, -79
192.168.4.12, 62128, -81
192.168.4.12, 62144, -79
192.168.4.12, 62160, -78
192.168.4.12, 62176, -76
192.168.4.12, 62192, -74
192.168.4.12, 62224, -82
192.168.4.12, 62240, -81
192.168.4.12, 62256, -81
192.168.4.12, 62304, -75
192.168.4.12, 62320, -82
192.168.4.12, 62336, -78
192.168.4.12, 62400, -78
192.168.4.12, 62416, -75
192.168.4.12, 62432, -77
192.168.4.12, 62448, -77
192.168.4.12, 62464, -71
192.168.4.12, 62480, -75
192.168.4.12, 62496, -77
192.168.4.12, 62512, -67
192.168.4.12, 62528, -71
192.168.4.12, 62544, -78
192.168.4.12, 62592, -84
192.168.4.12, 62608, -75
192.168.4.12, 62624, -74
192.168.4.12, 62640, -78
192.168.4.12, 62704, -79
192.168.4.12, 62720, -77
192.168.4.12, 62736, -74
192.168.4.12, 62752, -72
192.168.4.12, 62768, -76
192.168.4.12, 62784, -76
192.168.4.12, 62800, -70
192.168.4.12, 62816, -71
192.168.4.12, 62864, -69
192.168.4.12, 62880, -69
192.168.4.6, 384, -66
192.168.4.6, 400, -66
192.168.4.6, 416, -65
192.168.4.6, 432, -66
192.168.4.6, 448, -66
192.168.4.6, 464, -66
192.168.4.6, 480, -66
192.168.4.6, 512, -67
192.168.4.6, 528, -67
192.168.4.6, 544, -66
192.168.4.6, 560, -65
192.168.4.6, 576, -66
192.168.4.6, 640, -65
192.168.4.6, 656, -66
192.168.4.6, 672, -66
192.168.4.6, 688, -67
192.168.4.6, 704, -64
192.168.4.6, 720, -66
192.168.4.6, 752, -65
192.168.4.6, 768, -65
192.168.4.6, 784, -66
192.168.4.6, 800, -66
192.168.4.6, 816, -66
192.168.4.6, 864, -66
192.168.4.6, 880, -67
192.168.4.6, 896, -65
192.168.4.6, 912, -66
192.168.4.6, 928, -65
192.168.4.6, 944, -65
192.168.4.6, 960, -65
192.168.4.7, 6304, -70
192.168.4.7, 6336, -71
192.168.4.7, 6352, -71
192.168.4.7, 6368, -70
192.168.4.7, 6384, -69
192.168.4.7, 6448, -70
192.168.4.7, 6464, -69
192.168.4.7, 6480, -69
192.168.4.7, 6496, -71
192.168.4.7, 6512, -70
192.168.4.7, 6528, -71
192.168.4.7, 6544, -71
192.168.4.7, 6560, -69
192.168.4.7, 6576, -69
192.168.4.7, 6608, -69
192.168.4.7, 6656, -70
192.168.4.7, 6672, -69
192.168.4.7, 6688, -71
192.168.4.7, 6704, -69
192.168.4.7, 6720, -71
192.168.4.7, 6736, -69
192.168.4.7, 6752, -69
192.168.4.7, 6768, -70
192.168.4.7, 6784, -71
192.168.4.7, 6800, -70
192.168.4.7, 6816, -79
192.168.4.7, 6832, -69
192.168.4.7, 6848, -69
192.168.4.7, 6880, -70
192.168.4.7, 6896, -70
192.168.4.12, 62896, -71
192.168.4.12, 62912, -74
192.168.4.12, 62928, -69
192.168.4.12, 62944, -70
192.168.4.12, 62960, -69
192.168.4.12, 62976, -68
192.168.4.12, 63024, -70
192.168.4.12, 63056, -67
192.168.4.12, 63072, -70
192.168.4.12, 63088, -67
192.168.4.12, 63136, -66
192.168.4.12, 63152, -64
192.168.4.12, 63168, -71
192.168.4.12, 63184, -75
192.168.4.12, 63200, -73
192.168.4.12, 63216, -65
192.168.4.12, 63232, -68
192.168.4.12, 63248, -66
192.168.4.12, 63264, -68
192.168.4.12, 63280, -75
192.168.4.12, 63296, -78
192.168.4.12, 63312, -69
192.168.4.12, 63328, -69
192.168.4.12, 63360, -74
192.168.4.12, 63440, -72
192.168.4.12, 63504, -73
192.168.4.12, 63568, -73
192.168.4.12, 63616, -73
192.168.4.12, 63632, -70
192.168.4.12, 63648, -71
192.168.4.10, 960, -62
192.168.4.10, 976, -64
192.168.4.10, 992, -64
192.168.4.10, 1008, -64
192.168.4.10, 1024, -65
192.168.4.10, 1040, -66
192.168.4.10, 1056, -65
192.168.4.10, 1072, -66
192.168.4.10, 1088, -66
192.168.4.10, 1104, -67
192.168.4.10, 1120, -66
192.168.4.10, 1136, -66
192.168.4.10, 1152, -65
192.168.4.10, 1168, -66
192.168.4.10, 1184, -67
192.168.4.10, 1200, -66
192.168.4.10, 1216, -66
192.168.4.10, 1232, -66
192.168.4.10, 1248, -65
192.168.4.10, 1264, -66
192.168.4.10, 1280, -67
192.168.4.10, 1296, -67
192.168.4.10, 1312, -67
192.168.4.10, 1328, -66
192.168.4.10, 1376, -65
192.168.4.10, 1392, -66
192.168.4.10, 1408, -66
192.168.4.10, 1424, -69
192.168.4.10, 1456, -67
192.168.4.10, 1472, -65
192.168.4.5, 59440, -68
192.168.4.5, 59456, -72
192.168.4.5, 59472, -71
192.168.4.5, 59536, -72
192.168.4.5, 59568, -71
192.168.4.5, 59632, -74
192.168.4.5, 59664, -72
192.168.4.5, 59680, -67
192.168.4.5, 59776, -72
192.168.4.5, 59792, -71
192.168.4.5, 59808, -70
192.168.4.5, 59824, -81
192.168.4.5, 59840, -72
192.168.4.5, 59856, -77
192.168.4.5, 59872, -75
192.168.4.5, 59936, -74
192.168.4.5, 59952, -77
192.168.4.5, 59968, -69
192.168.4.5, 60048, -73
192.168.4.5, 60064, -79
192.168.4.5, 60144, -73
192.168.4.5, 60160, -71
192.168.4.5, 60176, -67
192.168.4.5, 60192, -72
192.168.4.5, 60208, -73
192.168.4.5, 60224, -71
192.168.4.5, 60240, -71
192.168.4.5, 60256, -73
192.168.4.5, 60288, -72
192.168.4.5, 60352, -71
192.168.4.3, 5264, -75
192.168.4.3, 5280, -73
192.168.4.3, 5296, -74
192.168.4.3, 5376, -74
192.168.4.3, 5392, -73
192.168.4.3, 5408, -73
192.168.4.3, 5424, -75
192.168.4.3, 5456, -74
192.168.4.3, 5472, -73
192.168.4.3, 5488, -72
192.168.4.3, 5504, -73
192.168.4.3, 5520, -73
192.168.4.3, 5536, -71
192.168.4.3, 5552, -74
192.168.4.3, 5568, -75
192.168.4.3, 5600, -74
192.168.4.3, 5616, -73
192.168.4.3, 5632, -73
192.168.4.3, 5648, -72
192.168.4.3, 5664, -73
192.168.4.3, 5728, -73
192.168.4.3, 5744, -72
192.168.4.3, 5760, -73
192.168.4.3, 5792, -73
192.168.4.3, 5824, -74
192.168.4.3, 5840, -73
192.168.4.3, 5856, -74
192.168.4.3, 5872, -74
192.168.4.3, 5888, -73
192.168.4.3, 5952, -73
192.168.4.3, 5968, -72
192.168.4.3, 5984, -73
192.168.4.3, 6000, -83
192.168.4.3, 6016, -73
192.168.4.3, 6032, -72
192.168.4.3, 6048, -73
192.168.4.3, 6064, -72
192.168.4.3, 6096, -70
192.168.4.3, 6112, -72
192.168.4.3, 6128, -72
192.168.4.3, 6208, -74
192.168.4.3, 6224, -74
192.168.4.3, 6240, -69
192.168.4.3, 6256, -73
192.168.4.3, 6272, -73
192.168.4.3, 6288, -73
192.168.4.3, 6304, -72
192.168.4.3, 6320, -74
192.168.4.3, 6336, -72
192.168.4.3, 6352, -73
192.168.4.3, 4294967227, 1
192.168.4.7, 6912, -70
192.168.4.7, 6928, -70
192.168.4.7, 6944, -71
192.168.4.7, 6960, -71
192.168.4.7, 6976, -70
192.168.4.7, 7008, -70
192.168.4.7, 7024, -70
192.168.4.7, 7040, -69
192.168.4.7, 7056, -69
192.168.4.7, 7072, -69
192.168.4.7, 7120, -70
192.168.4.7, 7136, -70
192.168.4.7, 7152, -69
192.168.4.7, 7168, -72
192.168.4.7, 7184, -69
192.168.4.7, 7200, -70
192.168.4.7, 7216, -69
192.168.4.7, 7232, -71
192.168.4.7, 7248, -79
192.168.4.7, 7264, -70
192.168.4.7, 4294967232, 1
192.168.4.6, 976, -66
192.168.4.6, 992, -66
192.168.4.6, 1008, -66
192.168.4.6, 1024, -67
192.168.4.6, 1040, -66
192.168.4.6, 1056, -67
192.168.4.6, 1072, -67
192.168.4.6, 1088, -66
192.168.4.6, 1104, -66
192.168.4.6, 1120, -65
192.168.4.6, 1136, -66
192.168.4.6, 1152, -65
192.168.4.6, 1168, -67
192.168.4.6, 1184, -66
192.168.4.6, 1200, -66
192.168.4.6, 1216, -66
192.168.4.6, 1232, -67
192.168.4.6, 1248, -65
192.168.4.6, 1264, -66
192.168.4.6, 1280, -66
192.168.4.6, 1296, -66
192.168.4.6, 1312, -67
192.168.4.6, 1328, -65
192.168.4.6, 1376, -66
192.168.4.6, 1392, -66
192.168.4.6, 1408, -66
192.168.4.6, 1424, -65
192.168.4.6, 1456, -67
192.168.4.6, 1472, -66
192.168.4.6, 1488, -65
192.168.4.10, 1488, -66
192.168.4.10, 1504, -67
192.168.4.10, 1520, -66
192.168.4.10, 1536, -65
192.168.4.10, 1552, -66
192.168.4.10, 1568, -65
192.168.4.10, 1584, -67
192.168.4.10, 1600, -66
192.168.4.10, 1616, -66
192.168.4.10, 1632, -67
192.168.4.10, 1648, -65
192.168.4.10, 1664, -66
192.168.4.10, 1696, -67
192.168.4.10, 1712, -65
192.168.4.10, 1728, -67
192.168.4.10, 1744, -65
192.168.4.10, 1760, -66
192.168.4.10, 1776, -65
192.168.4.10, 1792, -65
192.168.4.10, 1808, -66
192.168.4.10, 1824, -66
192.168.4.10, 1840, -65
192.168.4.10, 1872, -65
192.168.4.10, 1888, -65
192.168.4.10, 1936, -66
192.168.4.10, 1952, -65
192.168.4.10, 1968, -66
192.168.4.10, 1984, -64
192.168.4.10, 2000, -65
192.168.4.10, 2016, -66
192.168.4.5, 60368, -69
192.168.4.5, 60384, -70
192.168.4.5, 60400, -75
192.168.4.5, 60416, -78
192.168.4.5, 60432, -69
192.168.4.5, 60448, -65
192.168.4.5, 60464, -68
192.168.4.5, 60480, -69
192.168.4.5, 60496, -72
192.168.4.5, 60512, -72
192.168.4.5, 60528, -66
192.168.4.5, 60560, -73
192.168.4.5, 60576, -68
192.168.4.5, 60592, -69
192.168.4.5, 60608, -68
192.168.4.5, 60624, -68
192.168.4.5, 60640, -70
192.168.4.5, 60720, -71
192.168.4.5, 60736, -69
192.168.4.5, 60752, -67
192.168.4.5, 60784, -67
192.168.4.5, 60800, -67
192.168.4.5, 60816, -69
192.168.4.5, 60864, -67
192.168.4.5, 60912, -66
192.168.4.5, 60944, -67
192.168.4.5, 60960, -66
192.168.4.5, 60976, -64
192.168.4.5, 60992, -64
192.168.4.5, 61008, -61
192.168.4.12, 63664, -73
192.168.4.12, 63680, -71
192.168.4.12, 63696, -74
192.168.4.12, 63712, -74
192.168.4.12, 63728, -72
192.168.4.12, 63792, -74
192.168.4.12, 63840, -73
192.168.4.12, 63856, -72
192.168.4.12, 63872, -74
192.168.4.12, 63888, -72
192.168.4.12, 63936, -74
192.168.4.12, 63952, -72
192.168.4.12, 63984, -74
192.168.4.12, 64000, -73
192.168.4.12, 64016, -73
192.168.4.12, 64032, -73
192.168.4.12, 64048, -73
192.168.4.12, 64064, -73
192.168.4.12, 64112, -69
192.168.4.12, 64128, -70
192.168.4.12, 64144, -73
192.168.4.12, 64160, -72
192.168.4.12, 64176, -73
192.168.4.12, 64192, -73
192.168.4.12, 64208, -71
192.168.4.12, 64224, -73
192.168.4.12, 64240, -73
192.168.4.12, 64256, -72
192.168.4.12, 64272, -74
192.168.4.12, 64352, -73
192.168.4.6, 1504, -65
192.168.4.6, 1520, -67
192.168.4.6, 1536, -67
192.168.4.6, 1552, -67
192.168.4.6, 1568, -66
192.168.4.6, 1584, -65
192.168.4.6, 1600, -66
192.168.4.6, 1616, -66
192.168.4.6, 1632, -67
192.168.4.6, 1648, -66
192.168.4.6, 1664, -65
192.168.4.6, 1696, -67
192.168.4.6, 1712, -66
192.168.4.6, 1728, -67
192.168.4.6, 1744, -66
192.168.4.6, 1760, -65
192.168.4.6, 1776, -65
192.168.4.6, 1792, -66
192.168.4.6, 1808, -66
192.168.4.6, 1824, -66
192.168.4.6, 1840, -67
192.168.4.6, 1872, -67
192.168.4.6, 1888, -67
192.168.4.6, 1936, -66
192.168.4.6, 1952, -65
192.168.4.6, 1968, -66
192.168.4.6, 1984, -66
192.168.4.6, 2000, -66
192.168.4.6, 2016, -67
192.168.4.6, 2032, -65
192.168.4.10, 2032, -65
192.168.4.10, 2048, -65
192.168.4.10, 2064, -64
192.168.4.10, 2096, -67
192.168.4.10, 2112, -66
192.168.4.10, 2160, -64
192.168.4.10, 2176, -65
192.168.4.10, 2192, -66
192.168.4.10, 2208, -66
192.168.4.10, 2224, -66
192.168.4.10, 2240, -66
192.168.4.10, 2256, -65
192.168.4.10, 2272, -64
192.168.4.10, 2288, -67
192.168.4.10, 2304, -63
192.168.4.10, 2320, -63
192.168.4.10, 2336, -62
192.168.4.10, 2352, -62
192.168.4.10, 2384, -62
192.168.4.10, 2400, -62
192.168.4.10, 2416, -63
192.168.4.10, 2432, -63
192.168.4.10, 2448, -63
192.168.4.10, 2464, -62
192.168.4.10, 2480, -65
192.168.4.10, 2496, -66
192.168.4.10, 2512, -66
192.168.4.10, 2528, -66
192.168.4.10, 2544, -67
192.168.4.10, 2560, -66
192.168.4.5, 61024, -64
192.168.4.5, 61040, -67
192.168.4.5, 61056, -63
192.168.4.5, 61120, -62
192.168.4.5, 61136, -63
192.168.4.5, 61184, -61
192.168.4.5, 61200, -61
192.168.4.5, 61248, -60
192.168.4.5, 61264, -62
192.168.4.5, 61280, -61
192.168.4.5, 61296, -63
192.168.4.5, 61312, -65
192.168.4.5, 61328, -66
192.168.4.5, 61360, -63
192.168.4.5, 61392, -75
192.168.4.5, 61408, -69
192.168.4.5, 61424, -66
192.168.4.5, 61472, -63
192.168.4.5, 61488, -60
192.168.4.5, 61552, -60
192.168.4.5, 61568, -62
192.168.4.5, 61584, -68
192.168.4.5, 61616, -60
192.168.4.5, 61632, -64
192.168.4.5, 61648, -65
192.168.4.5, 61664, -62
192.168.4.5, 61680, -69
192.168.4.5, 61696, -68
192.168.4.5, 61712, -71
192.168.4.5, 61760, -66
192.168.4.6, 2048, -66
192.168.4.6, 2064, -66
192.168.4.6, 2096, -64
192.168.4.6, 2112, -63
192.168.4.6, 2160, -63
192.168.4.6, 2176, -64
192.168.4.6, 2192, -65
192.168.4.6, 2208, -62
192.168.4.6, 2224, -64
192.168.4.6, 2240, -64
192.168.4.6, 2256, -63
192.168.4.6, 2272, -64
192.168.4.6, 2288, -64
192.168.4.6, 2304, -64
192.168.4.6, 2320, -62
192.168.4.6, 2336, -63
192.168.4.6, 2352, -63
192.168.4.6, 2384, -63
192.168.4.6, 2400, -63
192.168.4.6, 2416, -64
192.168.4.6, 2432, -62
192.168.4.6, 2448, -63
192.168.4.6, 2464, -63
192.168.4.6, 2480, -64
192.168.4.6, 2496, -64
192.168.4.6, 2512, -63
192.168.4.6, 2528, -64
192.168.4.6, 2544, -64
192.168.4.6, 2560, -64
192.168.4.6, 2576, -63
192.168.4.10, 2576, -66
192.168.4.10, 2608, -65
192.168.4.10, 2624, -66
192.168.4.10, 2640, -65
192.168.4.10, 2656, -63
192.168.4.10, 2672, -63
192.168.4.10, 2688, -63
192.168.4.10, 2704, -63
192.168.4.10, 2720, -62
192.168.4.10, 2736, -63
192.168.4.10, 2752, -63
192.168.4.10, 2768, -63
192.168.4.10, 2784, -64
192.168.4.10, 2800, -64
192.168.4.10, 2848, -63
192.168.4.10, 2864, -64
192.168.4.10, 2880, -63
192.168.4.10, 2896, -63
192.168.4.10, 2912, -63
192.168.4.10, 2928, -62
192.168.4.10, 2944, -64
192.168.4.10, 2960, -64
192.168.4.10, 2976, -62
192.168.4.10, 2992, -62
192.168.4.10, 3008, -63
192.168.4.10, 3024, -64
192.168.4.10, 3072, -63
192.168.4.10, 3088, -64
192.168.4.10, 3120, -64
192.168.4.10, 3136, -63
192.168.4.5, 61776, -64
192.168.4.5, 61792, -66
192.168.4.5, 61824, -73
192.168.4.5, 61856, -66
192.168.4.5, 61872, -70
192.168.4.5, 61888, -72
192.168.4.5, 61952, -63
192.168.4.5, 61968, -72
192.168.4.5, 61984, -67
192.168.4.5, 62000, -66
192.168.4.5, 62016, -68
192.168.4.5, 62080, -70
192.168.4.5, 62096, -69
192.168.4.5, 62112, -63
192.168.4.5, 62128, -61
192.168.4.5, 62144, -62
192.168.4.5, 62160, -62
192.168.4.5, 62176, -64
192.168.4.5, 62192, -65
192.168.4.5, 62224, -64
192.168.4.5, 62240, -64
192.168.4.5, 62256, -69
192.168.4.5, 62272, -66
192.168.4.5, 62304, -64
192.168.4.5, 62336, -59
192.168.4.5, 62400, -62
192.168.4.5, 62416, -60
192.168.4.5, 62432, -62
192.168.4.5, 62448, -61
192.168.4.5, 62464, -59
192.168.4.12, 64384, -73
192.168.4.12, 64400, -73
192.168.4.12, 64416, -73
192.168.4.12, 64432, -73
192.168.4.12, 64448, -73
192.168.4.12, 64464, -72
192.168.4.12, 64480, -73
192.168.4.12, 64496, -74
192.168.4.12, 64512, -72
192.168.4.12, 64528, -74
192.168.4.12, 64544, -72
192.168.4.12, 64560, -73
192.168.4.12, 64576, -72
192.168.4.12, 64656, -72
192.168.4.12, 64704, -74
192.168.4.12, 64736, -73
192.168.4.12, 64752, -72
192.168.4.12, 64768, -72
192.168.4.12, 64784, -74
192.168.4.12, 64800, -74
192.168.4.12, 64832, -72
192.168.4.12, 64848, -73
192.168.4.12, 64864, -73
192.168.4.12, 64880, -74
192.168.4.12, 64896, -73
192.168.4.12, 64960, -73
192.168.4.12, 64976, -73
192.168.4.12, 64992, -72
192.168.4.12, 65008, -73
192.168.4.12, 65024, -73
192.168.4.12, 65040, -72
192.168.4.12, 65072, -74
192.168.4.12, 65088, -72
192.168.4.12, 65104, -73
192.168.4.12, 65120, -73
192.168.4.12, 65136, -73
192.168.4.12, 65152, -73
192.168.4.12, 65184, -73
192.168.4.12, 65200, -73
192.168.4.12, 65216, -72
192.168.4.12, 65232, -73
192.168.4.12, 65248, -73
192.168.4.12, 65264, -73
192.168.4.12, 65280, -72
192.168.4.12, 65296, -73
192.168.4.12, 65312, -73
192.168.4.12, 65328, -73
192.168.4.12, 65344, -74
192.168.4.12, 65360, -73
192.168.4.12, 65376, -73
192.168.4.12, 65408, -73
192.168.4.12, 65424, -73
192.168.4.12, 65520, -73
192.168.4.12, 16, -74
192.168.4.12, 32, -73
192.168.4.12, 48, -74
192.168.4.12, 64, -73
192.168.4.12, 80, -73
192.168.4.12, 96, -74
192.168.4.12, 144, -72
192.168.4.12, 160, -75
192.168.4.12, 176, -73
192.168.4.12, 192, -73
192.168.4.12, 208, -72
192.168.4.12, 224, -72
192.168.4.12, 240, -72
192.168.4.12, 256, -72
192.168.4.12, 272, -73
192.168.4.12, 288, -73
192.168.4.12, 336, -75
192.168.4.12, 352, -76
192.168.4.12, 384, -73
192.168.4.12, 400, -73
192.168.4.12, 416, -72
192.168.4.12, 432, -73
192.168.4.12, 448, -73
192.168.4.12, 464, -72
192.168.4.12, 480, -73
192.168.4.12, 512, -73
192.168.4.12, 528, -73
192.168.4.12, 544, -72
192.168.4.12, 560, -72
192.168.4.12, 576, -73
192.168.4.12, 640, -72
192.168.4.12, 656, -74
192.168.4.12, 672, -72
192.168.4.12, 688, -72
192.168.4.12, 704, -73
192.168.4.12, 720, -71
192.168.4.12, 752, -73
192.168.4.6, 2608, -64
192.168.4.6, 2624, -62
192.168.4.6, 2640, -64
192.168.4.6, 2656, -63
192.168.4.6, 2672, -62
192.168.4.6, 2688, -64
192.168.4.6, 2704, -64
192.168.4.6, 2720, -63
192.168.4.6, 2736, -62
192.168.4.6, 2752, -65
192.168.4.6, 2768, -63
192.168.4.6, 2784, -64
192.168.4.6, 2800, -64
192.168.4.6, 2848, -65
192.168.4.6, 2864, -64
192.168.4.6, 2880, -63
192.168.4.6, 2896, -63
192.168.4.6, 2912, -63
192.168.4.6, 2928, -64
192.168.4.6, 2944, -64
192.168.4.6, 2960, -63
192.168.4.6, 2976, -63
192.168.4.6, 2992, -64
192.168.4.6, 3008, -63
192.168.4.6, 3024, -63
192.168.4.6, 3072, -63
192.168.4.6, 3088, -63
192.168.4.6, 3120, -63
192.168.4.6, 3136, -65
192.168.4.6, 3152, -63
192.168.4.10, 3152, -64
192.168.4.10, 3168, -64
192.168.4.10, 3184, -62
192.168.4.10, 3200, -63
192.168.4.10, 3216, -64
192.168.4.10, 3232, -62
192.168.4.10, 3248, -64
192.168.4.10, 3264, -63
192.168.4.10, 3296, -64
192.168.4.10, 3312, -63
192.168.4.10, 3344, -62
192.168.4.10, 3360, -63
192.168.4.10, 3376, -62
192.168.4.10, 3392, -64
192.168.4.10, 3408, -63
192.168.4.10, 3424, -64
192.168.4.10, 3440, -63
192.168.4.10, 3456, -64
192.168.4.10, 3472, -63
192.168.4.10, 3488, -64
192.168.4.10, 4294967231, 1
192.168.4.5, 62480, -62
192.168.4.5, 62496, -61
192.168.4.5, 62512, -59
192.168.4.5, 62528, -65
192.168.4.5, 62544, -64
192.168.4.5, 62592, -61
192.168.4.5, 62608, -67
192.168.4.5, 62624, -62
192.168.4.5, 62640, -61
192.168.4.5, 62704, -61
192.168.4.5, 62720, -62
192.168.4.5, 62752, -66
192.168.4.5, 62768, -64
192.168.4.5, 62784, -62
192.168.4.5, 62800, -64
192.168.4.5, 62816, -64
192.168.4.5, 62864, -64
192.168.4.5, 62880, -66
192.168.4.5, 62896, -66
192.168.4.5, 62912, -66
192.168.4.5, 62928, -66
192.168.4.5, 62944, -64
192.168.4.5, 62960, -64
192.168.4.5, 62976, -65
192.168.4.5, 63024, -65
192.168.4.5, 63056, -64
192.168.4.5, 63072, -63
192.168.4.5, 63088, -64
192.168.4.5, 63136, -66
192.168.4.5, 63152, -64
192.168.4.6, 3168, -63
192.168.4.6, 3184, -63
192.168.4.6, 3200, -62
192.168.4.6, 3216, -64
192.168.4.6, 3232, -63
192.168.4.6, 3248, -64
192.168.4.6, 3264, -64
192.168.4.6, 3296, -63
192.168.4.6, 3312, -63
192.168.4.6, 3344, -64
192.168.4.6, 3360, -64
192.168.4.6, 3376, -64
192.168.4.6, 3392, -64
192.168.4.6, 3408, -64
192.168.4.6, 3424, -64
192.168.4.6, 3440, -64
192.168.4.6, 3456, -62
192.168.4.6, 3472, -63
192.168.4.6, 3488, -64
192.168.4.6, 3536, -64
192.168.4.6, 4294967215, 1
192.168.4.5, 63168, -61
192.168.4.5, 63184, -63
192.168.4.5, 63200, -68
192.168.4.5, 63216, -72
192.168.4.5, 63232, -69
192.168.4.5, 63248, -70
192.168.4.5, 63264, -62
192.168.4.5, 63280, -60
192.168.4.5, 63296, -57
192.168.4.5, 63312, -58
192.168.4.5, 63328, -59
192.168.4.5, 63360, -58
192.168.4.5, 63504, -58
192.168.4.5, 63568, -58
192.168.4.5, 63616, -58
192.168.4.5, 63632, -58
192.168.4.5, 63648, -57
192.168.4.5, 63664, -59
192.168.4.5, 63680, -57
192.168.4.5, 63696, -59
192.168.4.5, 63712, -58
192.168.4.5, 63728, -58
192.168.4.5, 63792, -59
192.168.4.5, 63840, -58
192.168.4.5, 63856, -58
192.168.4.5, 63872, -57
192.168.4.5, 63888, -57
192.168.4.5, 63936, -57
192.168.4.5, 63952, -58
192.168.4.5, 63984, -58
192.168.4.12, 768, -73
192.168.4.12, 784, -74
192.168.4.12, 800, -73
192.168.4.12, 816, -72
192.168.4.12, 864, -73
192.168.4.12, 880, -73
192.168.4.12, 896, -73
192.168.4.12, 912, -72
192.168.4.12, 928, -73
192.168.4.12, 944, -73
192.168.4.12, 960, -72
192.168.4.12, 976, -74
192.168.4.12, 992, -72
192.168.4.12, 1008, -69
192.168.4.12, 1024, -72
192.168.4.12, 1040, -72
192.168.4.12, 1056, -72
192.168.4.12, 1072, -73
192.168.4.12, 1088, -73
192.168.4.12, 1104, -74
192.168.4.12, 1120, -74
192.168.4.12, 1136, -72
192.168.4.12, 1152, -74
192.168.4.12, 1168, -74
192.168.4.12, 1184, -73
192.168.4.12, 1200, -72
192.168.4.12, 1216, -72
192.168.4.12, 1232, -72
192.168.4.12, 1248, -74
192.168.4.12, 1264, -73
192.168.4.5, 64000, -59
192.168.4.5, 64016, -59
192.168.4.5, 64032, -58
192.168.4.5, 64048, -59
192.168.4.5, 64064, -58
192.168.4.5, 64112, -58
192.168.4.5, 64128, -58
192.168.4.5, 64144, -59
192.168.4.5, 64160, -58
192.168.4.5, 64176, -58
192.168.4.5, 64192, -59
192.168.4.5, 64208, -59
192.168.4.5, 64224, -57
192.168.4.5, 64240, -57
192.168.4.5, 64256, -57
192.168.4.5, 64272, -58
192.168.4.5, 64352, -57
192.168.4.5, 64384, -57
192.168.4.5, 64400, -58
192.168.4.5, 64416, -58
192.168.4.5, 64432, -57
192.168.4.5, 64448, -57
192.168.4.5, 64464, -58
192.168.4.5, 64480, -58
192.168.4.5, 64496, -58
192.168.4.5, 64512, -59
192.168.4.5, 64528, -58
192.168.4.5, 64544, -58
192.168.4.5, 64560, -58
192.168.4.5, 64576, -58
192.168.4.2, 50144, -73
192.168.4.2, 50192, -73
192.168.4.2, 50208, -72
192.168.4.2, 50224, -73
192.168.4.2, 50256, -70
192.168.4.2, 50272, -69
192.168.4.2, 50304, -71
192.168.4.2, 50320, -72
192.168.4.2, 50336, -71
192.168.4.2, 50352, -72
192.168.4.2, 50368, -71
192.168.4.2, 50400, -72
192.168.4.2, 50416, -72
192.168.4.2, 50432, -74
192.168.4.2, 50464, -71
192.168.4.2, 50496, -71
192.168.4.2, 50512, -73
192.168.4.2, 50544, -74
192.168.4.2, 50592, -73
192.168.4.2, 50624, -72
192.168.4.2, 50640, -75
192.168.4.2, 50656, -73
192.168.4.2, 50672, -73
192.168.4.2, 50688, -73
192.168.4.2, 50704, -72
192.168.4.2, 50720, -72
192.168.4.2, 50736, -73
192.168.4.2, 50752, -72
192.168.4.2, 50768, -72
192.168.4.2, 50784, -73
192.168.4.2, 50832, -68
192.168.4.2, 50848, -68
192.168.4.2, 50864, -70
192.168.4.2, 50896, -69
192.168.4.2, 50912, -70
192.168.4.2, 50928, -70
192.168.4.2, 50944, -70
192.168.4.2, 50976, -69
192.168.4.2, 50992, -70
192.168.4.2, 51008, -69
192.168.4.2, 51024, -71
192.168.4.2, 51040, -71
192.168.4.2, 51072, -70
192.168.4.2, 51088, -71
192.168.4.2, 51104, -71
192.168.4.2, 51120, -71
192.168.4.2, 51152, -69
192.168.4.2, 51168, -71
192.168.4.2, 51184, -71
192.168.4.2, 51200, -71
192.168.4.2, 51216, -71
192.168.4.2, 51232, -71
192.168.4.2, 51248, -70
192.168.4.2, 51264, -71
192.168.4.2, 51280, -70
192.168.4.2, 51344, -70
192.168.4.2, 51360, -72
192.168.4.2, 51376, -71
192.168.4.2, 51392, -70
192.168.4.2, 51408, -71
192.168.4.5, 64656, -59
192.168.4.5, 64704, -58
192.168.4.5, 64736, -58
192.168.4.5, 64752, -59
192.168.4.5, 64768, -58
192.168.4.5, 64784, -58
192.168.4.5, 64800, -58
192.168.4.5, 64832, -58
192.168.4.5, 64848, -59
192.168.4.5, 64864, -57
192.168.4.5, 64880, -57
192.168.4.5, 64896, -58
192.168.4.5, 64960, -57
192.168.4.5, 64976, -58
192.168.4.5, 64992, -58
192.168.4.5, 65008, -57
192.168.4.5, 65024, -60
192.168.4.5, 65040, -59
192.168.4.5, 65072, -58
192.168.4.5, 65088, -57
192.168.4.5, 65104, -58
192.168.4.5, 65120, -59
192.168.4.5, 65152, -58
192.168.4.5, 65184, -59
192.168.4.5, 65200, -58
192.168.4.5, 65216, -59
192.168.4.5, 65232, -58
192.168.4.5, 65248, -57
192.168.4.5, 65264, -57
192.168.4.5, 65280, -57
192.168.4.2, 51424, -72
192.168.4.2, 51440, -73
192.168.4.2, 51456, -70
192.168.4.2, 51472, -72
192.168.4.2, 51504, -71
192.168.4.2, 51520, -71
192.168.4.2, 51536, -71
192.168.4.2, 51552, -71
192.168.4.2, 51584, -71
192.168.4.2, 51600, -70
192.168.4.2, 51616, -70
192.168.4.2, 51632, -70
192.168.4.2, 51648, -70
192.168.4.2, 51680, -71
192.168.4.2, 51696, -71
192.168.4.2, 51728, -72
192.168.4.2, 51744, -71
192.168.4.2, 51760, -72
192.168.4.2, 51776, -71
192.168.4.2, 51792, -73
192.168.4.2, 51808, -72
192.168.4.2, 51840, -72
192.168.4.2, 51872, -72
192.168.4.2, 51904, -71
192.168.4.2, 51936, -73
192.168.4.2, 51968, -71
192.168.4.2, 51984, -72
192.168.4.2, 52000, -73
192.168.4.2, 52016, -72
192.168.4.2, 52032, -72
192.168.4.5, 65296, -59
192.168.4.5, 65312, -57
192.168.4.5, 65328, -58
192.168.4.5, 65344, -57
192.168.4.5, 65360, -58
192.168.4.5, 65376, -58
192.168.4.5, 65408, -58
192.168.4.5, 65424, -58
192.168.4.5, 65472, -58
192.168.4.5, 65520, -59
192.168.4.5, 32, -60
192.168.4.5, 48, -58
192.168.4.5, 64, -58
192.168.4.5, 80, -59
192.168.4.5, 96, -58
192.168.4.5, 144, -58
192.168.4.5, 160, -59
192.168.4.5, 176, -57
192.168.4.5, 192, -60
192.168.4.5, 208, -57
192.168.4.5, 224, -58
192.168.4.5, 240, -58
192.168.4.5, 256, -58
192.168.4.5, 272, -59
192.168.4.5, 288, -57
192.168.4.5, 336, -58
192.168.4.5, 352, -59
192.168.4.5, 384, -59
192.168.4.5, 400, -57
192.168.4.5, 416, -57
192.168.4.12, 1824, -71
192.168.4.12, 1840, -70
192.168.4.12, 1872, -70
192.168.4.12, 1888, -71
192.168.4.12, 1936, -70
192.168.4.12, 1952, -69
192.168.4.12, 1968, -70
192.168.4.12, 2000, -69
192.168.4.12, 2016, -71
192.168.4.12, 2032, -69
192.168.4.12, 2048, -71
192.168.4.12, 2064, -70
192.168.4.12, 2096, -71
192.168.4.12, 2112, -71
192.168.4.12, 2160, -71
192.168.4.12, 2176, -70
192.168.4.12, 2192, -70
192.168.4.12, 2208, -70
192.168.4.12, 2224, -71
192.168.4.12, 2240, -71
192.168.4.12, 2256, -69
192.168.4.12, 2272, -72
192.168.4.12, 2288, -71
192.168.4.12, 2304, -69
192.168.4.12, 2352, -72
192.168.4.12, 2384, -71
192.168.4.12, 2400, -73
192.168.4.12, 2448, -73
192.168.4.12, 2464, -73
192.168.4.12, 2528, -74
192.168.4.2, 52048, -71
192.168.4.2, 52064, -72
192.168.4.2, 52080, -73
192.168.4.2, 52096, -73
192.168.4.2, 52144, -72
192.168.4.2, 52160, -74
192.168.4.2, 52192, -71
192.168.4.2, 52224, -72
192.168.4.2, 52256, -71
192.168.4.2, 52272, -73
192.168.4.2, 52288, -73
192.168.4.2, 52304, -73
192.168.4.2, 52320, -72
192.168.4.2, 52336, -72
192.168.4.2, 52352, -72
192.168.4.2, 52384, -75
192.168.4.2, 52400, -74
192.168.4.2, 52416, -76
192.168.4.2, 52432, -77
192.168.4.2, 52464, -73
192.168.4.2, 52480, -76
192.168.4.2, 52496, -74
192.168.4.2, 52528, -73
192.168.4.2, 52544, -73
192.168.4.2, 52576, -72
192.168.4.2, 52624, -74
192.168.4.2, 52720, -75
192.168.4.2, 52736, -75
192.168.4.2, 52768, -75
192.168.4.2, 52880, -74
192.168.4.12, 2544, -72
192.168.4.12, 2560, -71
192.168.4.12, 2688, -78
192.168.4.12, 2736, -74
192.168.4.12, 2752, -73
192.168.4.12, 2768, -74
192.168.4.12, 2784, -73
192.168.4.12, 2800, -74
192.168.4.12, 2880, -73
192.168.4.12, 2896, -72
192.168.4.12, 2912, -74
192.168.4.12, 2928, -73
192.168.4.12, 2944, -73
192.168.4.12, 2960, -72
192.168.4.12, 2976, -72
192.168.4.12, 2992, -74
192.168.4.12, 3008, -74
192.168.4.12, 3024, -73
192.168.4.12, 3072, -73
192.168.4.12, 3088, -73
192.168.4.12, 3120, -71
192.168.4.12, 3136, -74
192.168.4.12, 3152, -74
192.168.4.12, 3168, -73
192.168.4.12, 3184, -74
192.168.4.12, 3200, -74
192.168.4.12, 3216, -72
192.168.4.12, 3232, -74
192.168.4.12, 3248, -73
192.168.4.12, 3264, -73
192.168.4.5, 432, -58
192.168.4.5, 448, -58
192.168.4.5, 464, -57
192.168.4.5, 480, -57
192.168.4.5, 512, -57
192.168.4.5, 528, -59
192.168.4.5, 544, -58
192.168.4.5, 560, -58
192.168.4.5, 576, -57
192.168.4.5, 640, -58
192.168.4.5, 656, -57
192.168.4.5, 672, -58
192.168.4.5, 688, -60
192.168.4.5, 704, -57
192.168.4.5, 720, -58
192.168.4.5, 752, -59
192.168.4.5, 768, -58
192.168.4.5, 784, -58
192.168.4.5, 800, -58
192.168.4.5, 816, -58
192.168.4.5, 864, -59
192.168.4.5, 880, -58
192.168.4.5, 896, -59
192.168.4.5, 912, -58
192.168.4.5, 928, -57
192.168.4.5, 944, -57
192.168.4.5, 960, -58
192.168.4.5, 976, -57
192.168.4.5, 992, -58
192.168.4.5, 1008, -58
192.168.4.12, 3296, -73
192.168.4.12, 3312, -72
192.168.4.12, 3344, -74
192.168.4.12, 3360, -72
192.168.4.12, 3376, -73
192.168.4.12, 3392, -72
192.168.4.12, 3408, -73
192.168.4.12, 3424, -72
192.168.4.12, 3440, -73
192.168.4.12, 3456, -72
192.168.4.12, 3472, -73
192.168.4.12, 3488, -73
192.168.4.12, 3536, -73
192.168.4.12, 3552, -73
192.168.4.12, 3568, -73
192.168.4.12, 3584, -73
192.168.4.12, 3600, -73
192.168.4.12, 3632, -73
192.168.4.12, 3648, -73
192.168.4.12, 3664, -71
192.168.4.12, 3680, -72
192.168.4.12, 3696, -72
192.168.4.12, 3712, -74
192.168.4.12, 3728, -73
192.168.4.12, 3760, -74
192.168.4.12, 3776, -74
192.168.4.12, 3792, -72
192.168.4.12, 3808, -74
192.168.4.12, 3824, -72
192.168.4.12, 3840, -74
192.168.4.2, 52896, -74
192.168.4.2, 52928, -74
192.168.4.2, 52944, -75
192.168.4.2, 52960, -75
192.168.4.2, 52976, -75
192.168.4.2, 52992, -73
192.168.4.2, 53072, -73
192.168.4.2, 53136, -74
192.168.4.2, 53152, -75
192.168.4.2, 53184, -76
192.168.4.2, 53216, -76
192.168.4.2, 53248, -75
192.168.4.2, 53264, -74
192.168.4.2, 53344, -75
192.168.4.2, 53360, -77
192.168.4.2, 53408, -74
192.168.4.2, 53424, -75
192.168.4.2, 53440, -76
192.168.4.2, 53536, -75
192.168.4.2, 53568, -75
192.168.4.2, 53584, -74
192.168.4.2, 53600, -75
192.168.4.2, 53616, -75
192.168.4.2, 53648, -75
192.168.4.2, 53664, -75
192.168.4.2, 53728, -74
192.168.4.2, 53744, -73
192.168.4.2, 53760, -75
192.168.4.2, 53776, -78
192.168.4.2, 53840, -75
192.168.4.5, 1024, -57
192.168.4.5, 1040, -58
192.168.4.5, 1056, -58
192.168.4.5, 1072, -57
192.168.4.5, 1088, -57
192.168.4.5, 1104, -58
192.168.4.5, 1120, -58
192.168.4.5, 1136, -59
192.168.4.5, 1152, -58
192.168.4.5, 1168, -59
192.168.4.5, 1184, -58
192.168.4.5, 1200, -59
192.168.4.5, 1216, -58
192.168.4.5, 1232, -58
192.168.4.5, 1248, -59
192.168.4.5, 1264, -59
192.168.4.5, 1280, -58
192.168.4.5, 1296, -57
192.168.4.5, 1312, -58
192.168.4.5, 1328, -57
192.168.4.5, 1344, -58
192.168.4.5, 1376, -57
192.168.4.5, 1392, -57
192.168.4.5, 1408, -58
192.168.4.5, 1424, -59
192.168.4.5, 1456, -61
192.168.4.5, 1472, -57
192.168.4.5, 1488, -58
192.168.4.5, 1504, -58
192.168.4.5, 1520, -57
192.168.4.2, 53856, -73
192.168.4.2, 53872, -73
192.168.4.2, 53888, -73
192.168.4.2, 53936, -72
192.168.4.2, 53952, -72
192.168.4.2, 54240, -76
192.168.4.2, 54256, -79
192.168.4.2, 54272, -81
192.168.4.2, 54320, -80
192.168.4.2, 54336, -82
192.168.4.2, 54352, -75
192.168.4.2, 54368, -80
192.168.4.2, 54416, -77
192.168.4.2, 54480, -72
192.168.4.2, 54496, -68
192.168.4.2, 54512, -73
192.168.4.2, 54528, -76
192.168.4.2, 54544, -72
192.168.4.2, 54576, -70
192.168.4.2, 54624, -68
192.168.4.2, 54688, -74
192.168.4.2, 54704, -70
192.168.4.2, 54720, -64
192.168.4.2, 54736, -71
192.168.4.2, 54752, -64
192.168.4.2, 54800, -64
192.168.4.2, 54896, -60
192.168.4.2, 54928, -61
192.168.4.2, 54944, -62
192.168.4.2, 55008, -60
192.168.4.5, 1536, -59
192.168.4.5, 1552, -57
192.168.4.5, 1584, -56
192.168.4.5, 1600, -57
192.168.4.5, 1616, -58
192.168.4.5, 1632, -57
192.168.4.5, 1648, -57
192.168.4.5, 1664, -57
192.168.4.5, 1696, -58
192.168.4.5, 1712, -58
192.168.4.5, 1728, -58
192.168.4.5, 1744, -57
192.168.4.5, 1760, -58
192.168.4.5, 1776, -58
192.168.4.5, 1792, -57
192.168.4.5, 1808, -57
192.168.4.5, 1824, -58
192.168.4.5, 1840, -57
192.168.4.5, 1872, -57
192.168.4.5, 1888, -57
192.168.4.5, 1936, -57
192.168.4.5, 1952, -58
192.168.4.5, 1968, -57
192.168.4.5, 1984, -59
192.168.4.5, 2000, -60
192.168.4.5, 2016, -58
192.168.4.5, 2032, -56
192.168.4.5, 2048, -56
192.168.4.5, 2064, -58
192.168.4.5, 2096, -57
192.168.4.2, 55040, -58
192.168.4.2, 55056, -58
192.168.4.2, 55072, -62
192.168.4.2, 55088, -58
192.168.4.2, 55104, -56
192.168.4.2, 55136, -57
192.168.4.2, 55200, -55
192.168.4.2, 55232, -55
192.168.4.2, 55328, -55
192.168.4.2, 55344, -62
192.168.4.2, 55376, -58
192.168.4.2, 55392, -63
192.168.4.2, 55408, -67
192.168.4.2, 55424, -79
192.168.4.2, 55472, -75
192.168.4.2, 55488, -70
192.168.4.2, 55504, -82
192.168.4.2, 55520, -71
192.168.4.2, 55536, -69
192.168.4.2, 55568, -73
192.168.4.2, 55584, -73
192.168.4.2, 55600, -72
192.168.4.2, 55616, -74
192.168.4.2, 55680, -64
192.168.4.2, 55696, -70
192.168.4.2, 55712, -67
192.168.4.2, 55744, -70
192.168.4.2, 55760, -71
192.168.4.2, 55776, -70
192.168.4.2, 55808, -71
192.168.4.5, 2112, -57
192.168.4.5, 2176, -57
192.168.4.5, 2192, -59
192.168.4.5, 2208, -58
192.168.4.5, 2224, -56
192.168.4.5, 2240, -60
192.168.4.5, 2256, -58
192.168.4.5, 2272, -60
192.168.4.5, 2288, -59
192.168.4.5, 2304, -58
192.168.4.5, 2320, -59
192.168.4.5, 2336, -57
192.168.4.5, 2352, -57
192.168.4.5, 2384, -56
192.168.4.5, 2416, -57
192.168.4.5, 2432, -59
192.168.4.5, 2448, -58
192.168.4.5, 2464, -56
192.168.4.5, 2480, -58
192.168.4.5, 2496, -58
192.168.4.5, 2512, -57
192.168.4.5, 2544, -59
192.168.4.5, 2560, -60
192.168.4.5, 2576, -59
192.168.4.5, 2608, -57
192.168.4.5, 2624, -59
192.168.4.5, 2640, -59
192.168.4.5, 2656, -58
192.168.4.5, 2672, -59
192.168.4.5, 2688, -57
192.168.4.2, 55824, -82
192.168.4.2, 55840, -68
192.168.4.2, 55872, -76
192.168.4.2, 55888, -66
192.168.4.2, 55904, -72
192.168.4.2, 55920, -74
192.168.4.2, 55936, -77
192.168.4.2, 56000, -71
192.168.4.2, 56064, -77
192.168.4.2, 56080, -70
192.168.4.2, 56144, -71
192.168.4.2, 56160, -74
192.168.4.2, 56176, -79
192.168.4.2, 56192, -71
192.168.4.2, 56208, -71
192.168.4.2, 56240, -78
192.168.4.2, 56256, -75
192.168.4.2, 56272, -73
192.168.4.2, 56400, -70
192.168.4.2, 56416, -73
192.168.4.2, 56432, -76
192.168.4.2, 56448, -74
192.168.4.2, 56480, -78
192.168.4.2, 56736, -75
192.168.4.2, 57040, -73
192.168.4.2, 57072, -74
192.168.4.2, 57088, -76
192.168.4.2, 57120, -75
192.168.4.2, 57152, -73
192.168.4.2, 57168, -72
192.168.4.5, 2704, -61
192.168.4.5, 2720, -59
192.168.4.5, 2736, -58
192.168.4.5, 2752, -58
192.168.4.5, 2768, -59
192.168.4.5, 2784, -57
192.168.4.5, 2800, -58
192.168.4.5, 2848, -57
192.168.4.5, 2864, -59
192.168.4.5, 2880, -58
192.168.4.5, 2896, -56
192.168.4.5, 2912, -61
192.168.4.5, 2928, -61
192.168.4.5, 2944, -61
192.168.4.5, 2960, -57
192.168.4.5, 2976, -56
192.168.4.5, 2992, -57
192.168.4.5, 3008, -57
192.168.4.5, 3024, -58
192.168.4.5, 3072, -57
192.168.4.5, 3088, -58
192.168.4.5, 3120, -56
192.168.4.5, 3136, -57
192.168.4.5, 3152, -60
192.168.4.5, 3168, -58
192.168.4.5, 3184, -58
192.168.4.5, 3200, -58
192.168.4.5, 3216, -57
192.168.4.5, 3232, -57
192.168.4.5, 3248, -58
192.168.4.2, 57232, -71
192.168.4.2, 57248, -73
192.168.4.2, 57264, -73
192.168.4.2, 57280, -75
192.168.4.2, 57328, -72
192.168.4.2, 57360, -72
192.168.4.2, 57392, -74
192.168.4.2, 57408, -73
192.168.4.2, 57536, -74
192.168.4.2, 57552, -77
192.168.4.2, 57584, -77
192.168.4.2, 57600, -77
192.168.4.2, 57680, -72
192.168.4.2, 57824, -79
192.168.4.2, 57872, -77
192.168.4.2, 58032, -72
192.168.4.2, 58080, -78
192.168.4.2, 58096, -75
192.168.4.2, 58112, -75
192.168.4.2, 58192, -76
192.168.4.2, 58224, -78
192.168.4.2, 58288, -74
192.168.4.2, 58320, -72
192.168.4.2, 58336, -75
192.168.4.2, 58352, -75
192.168.4.2, 58480, -81
192.168.4.2, 58496, -74
192.168.4.2, 58528, -76
192.168.4.2, 58544, -72
192.168.4.2, 58560, -71
192.168.4.5, 3264, -58
192.168.4.5, 3296, -56
192.168.4.5, 3312, -57
192.168.4.5, 3344, -56
192.168.4.5, 3360, -58
192.168.4.5, 3376, -56
192.168.4.5, 3392, -57
192.168.4.5, 3408, -57
192.168.4.5, 3424, -58
192.168.4.5, 3440, -57
192.168.4.5, 3456, -57
192.168.4.5, 3472, -57
192.168.4.5, 3488, -57
192.168.4.5, 3536, -57
192.168.4.5, 3552, -57
192.168.4.5, 3568, -59
192.168.4.5, 3584, -57
192.168.4.5, 3600, -58
192.168.4.5, 3632, -57
192.168.4.5, 3648, -57
192.168.4.5, 3664, -57
192.168.4.5, 3680, -60
192.168.4.5, 3696, -60
192.168.4.5, 3712, -60
192.168.4.5, 3728, -61
192.168.4.5, 3760, -58
192.168.4.5, 3776, -57
192.168.4.5, 3792, -57
192.168.4.5, 3808, -57
192.168.4.5, 3824, -58
192.168.4.2, 58576, -83
192.168.4.2, 58624, -73
192.168.4.2, 58640, -73
192.168.4.2, 58656, -75
192.168.4.2, 58672, -77
192.168.4.2, 58688, -77
192.168.4.2, 58704, -74
192.168.4.2, 58736, -74
192.168.4.2, 58752, -75
192.168.4.2, 58864, -74
192.168.4.2, 58880, -73
192.168.4.2, 58912, -78
192.168.4.2, 58944, -82
192.168.4.2, 58960, -76
192.168.4.2, 59008, -78
192.168.4.2, 59024, -75
192.168.4.2, 59040, -76
192.168.4.2, 59104, -71
192.168.4.2, 59232, -72
192.168.4.2, 59248, -73
192.168.4.2, 59264, -74
192.168.4.2, 59296, -76
192.168.4.2, 59312, -80
192.168.4.2, 59328, -79
192.168.4.2, 59360, -77
192.168.4.2, 59376, -79
192.168.4.2, 59456, -73
192.168.4.2, 59472, -75
192.168.4.2, 59536, -82
192.168.4.2, 59568, -82
192.168.4.5, 3840, -57
192.168.4.5, 3856, -59
192.168.4.5, 3872, -58
192.168.4.5, 3888, -58
192.168.4.5, 3904, -58
192.168.4.5, 3920, -59
192.168.4.5, 3936, -58
192.168.4.5, 3952, -59
192.168.4.5, 3984, -60
192.168.4.5, 4000, -57
192.168.4.5, 4016, -58
192.168.4.5, 4032, -58
192.168.4.5, 4048, -60
192.168.4.5, 4064, -57
192.168.4.5, 4096, -57
192.168.4.5, 4112, -58
192.168.4.5, 4128, -58
192.168.4.5, 4144, -60
192.168.4.5, 4160, -58
192.168.4.5, 4176, -58
192.168.4.5, 4294967221, 1
192.168.4.2, 59584, -81
192.168.4.2, 59744, -75
192.168.4.2, 59760, -79
192.168.4.2, 59776, -80
192.168.4.2, 59808, -79
192.168.4.2, 59824, -74
192.168.4.2, 59936, -74
192.168.4.2, 59952, -73
192.168.4.2, 59968, -71
192.168.4.2, 60048, -75
192.168.4.2, 60064, -74
192.168.4.2, 60080, -75
192.168.4.2, 60096, -74
192.168.4.2, 60128, -73
192.168.4.2, 60144, -71
192.168.4.2, 60160, -72
192.168.4.2, 60176, -74
192.168.4.2, 60192, -75
192.168.4.2, 60208, -74
192.168.4.2, 60224, -74
192.168.4.2, 60240, -75
192.168.4.2, 60256, -73
192.168.4.2, 60352, -74
192.168.4.2, 60368, -70
192.168.4.2, 60384, -69
192.168.4.2, 60400, -73
192.168.4.2, 60416, -73
192.168.4.2, 60432, -71
192.168.4.2, 60448, -87
192.168.4.2, 60464, -79
192.168.4.2, 60480, -75
192.168.4.2, 60496, -72
192.168.4.2, 60512, -74
192.168.4.2, 60528, -73
192.168.4.2, 60560, -78
192.168.4.2, 60576, -78
192.168.4.2, 60592, -72
192.168.4.2, 60608, -74
192.168.4.2, 60624, -80
192.168.4.2, 60640, -79
192.168.4.2, 60720, -75
192.168.4.2, 60736, -77
192.168.4.2, 60752, -76
192.168.4.2, 60784, -73
192.168.4.2, 60800, -68
192.168.4.2, 60816, -74
192.168.4.2, 60864, -73
192.168.4.2, 60944, -74
192.168.4.2, 60960, -74
192.168.4.2, 60992, -78
192.168.4.2, 61008, -71
192.168.4.2, 61024, -68
192.168.4.2, 61040, -72
192.168.4.2, 61056, -78
192.168.4.2, 61120, -76
192.168.4.2, 61136, -65
192.168.4.2, 61184, -68
192.168.4.2, 61200, -75
192.168.4.2, 61248, -66
192.168.4.2, 61264, -71
192.168.4.2, 61280, -72
192.168.4.2, 61296, -73
192.168.4.2, 61312, -71
192.168.4.2, 61328, -65
192.168.4.2, 61360, -65
192.168.4.2, 61392, -62
192.168.4.2, 61408, -65
192.168.4.2, 61424, -63
192.168.4.2, 61472, -56
192.168.4.2, 61488, -52
192.168.4.2, 61552, -56
192.168.4.2, 61568, -59
192.168.4.2, 61584, -57
192.168.4.2, 61616, -59
192.168.4.2, 61632, -60
192.168.4.2, 61648, -57
192.168.4.2, 61664, -62
192.168.4.2, 61680, -72
192.168.4.2, 61696, -67
192.168.4.2, 61712, -67
192.168.4.2, 61760, -86
192.168.4.2, 61776, -71
192.168.4.2, 61792, -72
192.168.4.2, 61824, -70
192.168.4.2, 61856, -72
192.168.4.2, 61872, -75
192.168.4.2, 61888, -68
192.168.4.2, 61952, -70
192.168.4.2, 61968, -72
192.168.4.2, 61984, -71
192.168.4.2, 62000, -72
192.168.4.2, 62016, -83
192.168.4.2, 62080, -74
192.168.4.2, 62096, -77
192.168.4.2, 62112, -71
192.168.4.2, 62128, -67
192.168.4.2, 62144, -73
192.168.4.2, 62160, -75
192.168.4.2, 62176, -73
192.168.4.2, 62192, -75
192.168.4.2, 62224, -81
192.168.4.2, 62240, -72
192.168.4.2, 62256, -72
192.168.4.2, 62272, -75
192.168.4.2, 62304, -73
192.168.4.2, 62320, -72
192.168.4.2, 62336, -71
192.168.4.2, 62400, -76
192.168.4.2, 62416, -82
192.168.4.2, 62432, -79
192.168.4.2, 62448, -74
192.168.4.2, 62464, -74
192.168.4.2, 62480, -73
192.168.4.2, 62496, -75
192.168.4.2, 62528, -76
192.168.4.2, 62592, -74
192.168.4.2, 62608, -85
192.168.4.2, 62640, -71
192.168.4.2, 62704, -74
192.168.4.2, 62720, -76
192.168.4.2, 62736, -79
192.168.4.2, 62752, -75
192.168.4.2, 62768, -73
192.168.4.2, 62784, -78
192.168.4.2, 62800, -85
192.168.4.2, 62816, -86
192.168.4.2, 62864, -78
192.168.4.2, 62880, -77
192.168.4.2, 62896, -79
192.168.4.2, 62912, -82
192.168.4.2, 62944, -80
192.168.4.2, 62960, -77
192.168.4.2, 62976, -83
192.168.4.2, 63024, -87
192.168.4.2, 63056, -82
192.168.4.2, 63072, -83
192.168.4.2, 63088, -89
192.168.4.2, 63136, -85
192.168.4.2, 63152, -84
192.168.4.2, 63168, -78
192.168.4.2, 63184, -86
192.168.4.2, 63200, -79
192.168.4.2, 63216, -70
192.168.4.2, 63232, -65
192.168.4.2, 63248, -63
192.168.4.2, 63264, -67
192.168.4.2, 63280, -69
192.168.4.2, 63296, -68
192.168.4.2, 63312, -69
192.168.4.2, 63328, -68
192.168.4.2, 63360, -67
192.168.4.2, 63440, -69
192.168.4.2, 63504, -69
192.168.4.2, 63568, -72
192.168.4.2, 63616, -71
192.168.4.2, 63632, -70
192.168.4.2, 63648, -70
192.168.4.2, 63664, -68
192.168.4.2, 63680, -68
192.168.4.2, 63696, -72
192.168.4.2, 63712, -70
192.168.4.2, 63728, -70
192.168.4.2, 63792, -69
192.168.4.2, 63840, -71
192.168.4.2, 63856, -70
192.168.4.2, 63872, -70
192.168.4.2, 63888, -69
192.168.4.2, 63936, -70
192.168.4.2, 63952, -70
192.168.4.2, 63984, -71
192.168.4.2, 64000, -70
192.168.4.2, 64016, -68
192.168.4.2, 64032, -70
192.168.4.2, 64048, -69
192.168.4.2, 64064, -70
192.168.4.2, 64112, -69
192.168.4.2, 64128, -70
192.168.4.2, 64144, -69
192.168.4.2, 64160, -70
192.168.4.2, 64176, -69
192.168.4.2, 64192, -70
192.168.4.2, 64208, -68
192.168.4.2, 64224, -70
192.168.4.2, 64240, -70
192.168.4.2, 64256, -70
192.168.4.2, 64272, -70
192.168.4.2, 64352, -69
192.168.4.2, 64384, -71
192.168.4.2, 64400, -70
192.168.4.2, 64416, -70
192.168.4.2, 64432, -69
192.168.4.2, 64448, -71
192.168.4.2, 64464, -70
192.168.4.2, 64480, -70
192.168.4.2, 64496, -70
192.168.4.2, 64512, -70
192.168.4.2, 64528, -70
192.168.4.2, 64544, -70
192.168.4.2, 64560, -69
192.168.4.2, 64576, -70
192.168.4.2, 64656, -70
192.168.4.2, 64704, -70
192.168.4.2, 64736, -71
192.168.4.2, 64752, -71
192.168.4.2, 64768, -70
192.168.4.2, 64784, -69
192.168.4.2, 64800, -70
192.168.4.2, 64832, -69
192.168.4.2, 64848, -70
192.168.4.2, 64864, -70
192.168.4.2, 64880, -70
192.168.4.2, 64896, -70
192.168.4.2, 64960, -70
192.168.4.2, 64976, -70
192.168.4.2, 64992, -71
192.168.4.2, 65008, -70
192.168.4.2, 65024, -71
192.168.4.2, 65040, -69
192.168.4.2, 65072, -70
192.168.4.2, 65088, -70
192.168.4.2, 65104, -70
192.168.4.2, 65120, -70
192.168.4.2, 65136, -71
192.168.4.2, 65152, -70
192.168.4.2, 65184, -70
192.168.4.2, 65200, -71
192.168.4.2, 65216, -70
192.168.4.2, 65232, -71
192.168.4.2, 65248, -70
192.168.4.2, 65264, -70
192.168.4.2, 65280, -72
192.168.4.2, 65296, -71
192.168.4.2, 65312, -69
192.168.4.2, 65328, -70
192.168.4.2, 65344, -70
192.168.4.2, 65360, -71
192.168.4.2, 65376, -70
192.168.4.2, 65408, -70
192.168.4.2, 65424, -69
192.168.4.2, 65520, -70
192.168.4.2, 16, -70
192.168.4.2, 32, -70
192.168.4.2, 48, -70
192.168.4.2, 64, -71
192.168.4.2, 80, -70
192.168.4.2, 96, -70
192.168.4.2, 144, -70
192.168.4.2, 160, -67
192.168.4.2, 176, -71
192.168.4.2, 192, -71
192.168.4.2, 208, -71
192.168.4.2, 224, -70
192.168.4.2, 240, -70
192.168.4.2, 256, -67
192.168.4.2, 272, -71
192.168.4.2, 288, -70
192.168.4.2, 336, -70
192.168.4.2, 352, -70
192.168.4.2, 384, -71
192.168.4.2, 400, -69
192.168.4.2, 416, -69
192.168.4.2, 432, -71
192.168.4.2, 448, -70
192.168.4.2, 464, -70
192.168.4.2, 480, -70
192.168.4.2, 512, -69
192.168.4.2, 528, -69
192.168.4.2, 544, -69
192.168.4.2, 560, -70
192.168.4.2, 576, -69
192.168.4.2, 640, -70
192.168.4.2, 656, -70
192.168.4.2, 672, -69
192.168.4.2, 688, -70
192.168.4.2, 704, -69
192.168.4.2, 720, -71
192.168.4.2, 752, -70
192.168.4.2, 784, -70
192.168.4.2, 800, -69
192.168.4.2, 816, -71
192.168.4.2, 864, -71
192.168.4.2, 880, -70
192.168.4.2, 896, -67
192.168.4.2, 912, -69
192.168.4.2, 928, -70
192.168.4.2, 944, -70
192.168.4.2, 960, -69
192.168.4.2, 976, -70
192.168.4.2, 992, -70
192.168.4.2, 1008, -69
192.168.4.2, 1024, -70
192.168.4.2, 1040, -70
192.168.4.2, 1056, -69
192.168.4.2, 1072, -70
192.168.4.2, 1088, -70
192.168.4.2, 1104, -70
192.168.4.2, 1120, -71
192.168.4.2, 1136, -70
192.168.4.2, 1152, -70
192.168.4.2, 1168, -71
192.168.4.11, 50144, -79
192.168.4.11, 50208, -84
192.168.4.11, 50224, -84
192.168.4.11, 50256, -81
192.168.4.11, 50304, -81
192.168.4.11, 50320, -81
192.168.4.11, 50336, -80
192.168.4.11, 50352, -80
192.168.4.11, 50400, -79
192.168.4.11, 50416, -78
192.168.4.11, 50432, -80
192.168.4.11, 50464, -78
192.168.4.11, 50496, -78
192.168.4.11, 50512, -80
192.168.4.11, 50544, -79
192.168.4.11, 50592, -79
192.168.4.11, 50624, -80
192.168.4.11, 50640, -81
192.168.4.11, 50656, -82
192.168.4.11, 50672, -78
192.168.4.11, 50688, -81
192.168.4.11, 50704, -80
192.168.4.11, 50720, -80
192.168.4.11, 50736, -81
192.168.4.11, 50752, -80
192.168.4.11, 50784, -77
192.168.4.11, 50832, -70
192.168.4.11, 50848, -72
192.168.4.11, 50864, -75
192.168.4.11, 50880, -76
192.168.4.11, 50896, -75
192.168.4.11, 50912, -74
192.168.4.11, 50928, -74
192.168.4.11, 50944, -74
192.168.4.11, 50976, -72
192.168.4.11, 50992, -74
192.168.4.11, 51008, -73
192.168.4.11, 51024, -73
192.168.4.11, 51040, -73
192.168.4.11, 51072, -73
192.168.4.11, 51088, -73
192.168.4.11, 51104, -74
192.168.4.11, 51120, -73
192.168.4.11, 51152, -73
192.168.4.11, 51168, -73
192.168.4.11, 51184, -73
192.168.4.11, 51200, -74
192.168.4.11, 51216, -74
192.168.4.11, 51232, -74
192.168.4.11, 51248, -73
192.168.4.11, 51264, -73
192.168.4.11, 51280, -74
192.168.4.11, 51344, -74
192.168.4.11, 51360, -75
192.168.4.11, 51376, -74
192.168.4.11, 51392, -74
192.168.4.11, 51408, -75
192.168.4.11, 51424, -76
192.168.4.11, 51456, -75
192.168.4.11, 51472, -75
192.168.4.2, 1184, -70
192.168.4.2, 1200, -70
192.168.4.2, 1216, -70
192.168.4.2, 1232, -70
192.168.4.2, 1248, -70
192.168.4.2, 1264, -70
192.168.4.2, 1280, -70
192.168.4.2, 1296, -69
192.168.4.2, 1312, -71
192.168.4.2, 1328, -69
192.168.4.2, 1376, -68
192.168.4.2, 1392, -68
192.168.4.2, 1408, -71
192.168.4.2, 1424, -71
192.168.4.2, 1456, -69
192.168.4.2, 1472, -70
192.168.4.2, 1488, -69
192.168.4.2, 1504, -70
192.168.4.2, 1520, -70
192.168.4.2, 1536, -70
192.168.4.2, 1552, -71
192.168.4.2, 1568, -69
192.168.4.2, 1584, -69
192.168.4.2, 1600, -71
192.168.4.2, 1616, -70
192.168.4.2, 1632, -69
192.168.4.2, 1648, -69
192.168.4.2, 1664, -70
192.168.4.2, 1696, -69
192.168.4.2, 1712, -71
192.168.4.11, 51504, -75
192.168.4.11, 51520, -77
192.168.4.11, 51536, -74
192.168.4.11, 51552, -75
192.168.4.11, 51584, -75
192.168.4.11, 51600, -74
192.168.4.11, 51616, -75
192.168.4.11, 51632, -74
192.168.4.11, 51648, -75
192.168.4.11, 51680, -75
192.168.4.11, 51696, -77
192.168.4.11, 51728, -77
192.168.4.11, 51744, -77
192.168.4.11, 51760, -76
192.168.4.11, 51776, -77
192.168.4.11, 51792, -77
192.168.4.11, 51808, -76
192.168.4.11, 51840, -76
192.168.4.11, 51872, -77
192.168.4.11, 51904, -76
192.168.4.11, 51936, -75
192.168.4.11, 51968, -75
192.168.4.11, 51984, -76
192.168.4.11, 52000, -75
192.168.4.11, 52016, -75
192.168.4.11, 52032, -75
192.168.4.11, 52048, -76
192.168.4.11, 52064, -76
192.168.4.11, 52080, -77
192.168.4.11, 52096, -77
192.168.4.2, 1728, -71
192.168.4.2, 1744, -70
192.168.4.2, 1760, -71
192.168.4.2, 1776, -70
192.168.4.2, 1792, -70
192.168.4.2, 1808, -70
192.168.4.2, 1824, -69
192.168.4.2, 1840, -69
192.168.4.2, 1872, -69
192.168.4.2, 1888, -70
192.168.4.2, 1936, -69
192.168.4.2, 1952, -70
192.168.4.2, 1968, -70
192.168.4.2, 1984, -70
192.168.4.2, 2000, -71
192.168.4.2, 2016, -71
192.168.4.2, 2032, -72
192.168.4.2, 2048, -72
192.168.4.2, 2064, -69
192.168.4.2, 2096, -68
192.168.4.2, 2112, -68
192.168.4.2, 2160, -68
192.168.4.2, 2176, -68
192.168.4.2, 2192, -68
192.168.4.2, 2208, -68
192.168.4.2, 2224, -69
192.168.4.2, 2240, -75
192.168.4.2, 2256, -69
192.168.4.2, 2304, -68
192.168.4.2, 2320, -68
192.168.4.11, 52144, -78
192.168.4.11, 52160, -77
192.168.4.11, 52192, -75
192.168.4.11, 52224, -77
192.168.4.11, 52256, -79
192.168.4.11, 52272, -78
192.168.4.11, 52288, -78
192.168.4.11, 52304, -78
192.168.4.11, 52320, -78
192.168.4.11, 52336, -78
192.168.4.11, 52352, -77
192.168.4.11, 52384, -79
192.168.4.11, 52400, -78
192.168.4.11, 52416, -78
192.168.4.11, 52432, -79
192.168.4.11, 52464, -76
192.168.4.11, 52480, -77
192.168.4.11, 52496, -74
192.168.4.11, 52528, -73
192.168.4.11, 52544, -73
192.168.4.11, 52576, -73
192.168.4.11, 52624, -75
192.168.4.11, 52720, -76
192.168.4.11, 52736, -77
192.168.4.11, 52768, -76
192.168.4.11, 52880, -77
192.168.4.11, 52896, -78
192.168.4.11, 52928, -78
192.168.4.11, 52944, -76
192.168.4.11, 52960, -77
192.168.4.2, 2384, -68
192.168.4.2, 2400, -69
192.168.4.2, 2448, -68
192.168.4.2, 2464, -70
192.168.4.2, 2496, -68
192.168.4.2, 2576, -69
192.168.4.2, 2624, -68
192.168.4.2, 2640, -68
192.168.4.2, 2688, -69
192.168.4.2, 2704, -67
192.168.4.2, 2720, -68
192.168.4.2, 2736, -70
192.168.4.2, 2752, -68
192.168.4.2, 2768, -69
192.168.4.2, 2784, -70
192.168.4.2, 2800, -68
192.168.4.2, 2880, -70
192.168.4.2, 2896, -69
192.168.4.2, 2912, -69
192.168.4.2, 2928, -69
192.168.4.2, 2944, -68
192.168.4.2, 2960, -69
192.168.4.2, 2976, -69
192.168.4.2, 2992, -69
192.168.4.2, 3008, -69
192.168.4.2, 3024, -68
192.168.4.2, 3072, -68
192.168.4.2, 3088, -68
192.168.4.2, 3120, -69
192.168.4.2, 3136, -68
192.168.4.11, 52976, -77
192.168.4.11, 52992, -78
192.168.4.11, 53072, -79
192.168.4.11, 53136, -76
192.168.4.11, 53152, -74
192.168.4.11, 53184, -74
192.168.4.11, 53216, -74
192.168.4.11, 53248, -74
192.168.4.11, 53264, -74
192.168.4.11, 53344, -75
192.168.4.11, 53360, -74
192.168.4.11, 53408, -74
192.168.4.11, 53424, -75
192.168.4.11, 53440, -74
192.168.4.11, 53536, -74
192.168.4.11, 53568, -74
192.168.4.11, 53584, -74
192.168.4.11, 53600, -74
192.168.4.11, 53616, -74
192.168.4.11, 53648, -74
192.168.4.11, 53664, -72
192.168.4.11, 53728, -71
192.168.4.11, 53744, -77
192.168.4.11, 53760, -74
192.168.4.11, 53776, -81
192.168.4.11, 53840, -75
192.168.4.11, 53856, -78
192.168.4.11, 53872, -78
192.168.4.11, 53888, -79
192.168.4.11, 53936, -73
192.168.4.2, 3152, -70
192.168.4.2, 3168, -69
192.168.4.2, 3184, -69
192.168.4.2, 3200, -70
192.168.4.2, 3216, -70
192.168.4.2, 3232, -68
192.168.4.2, 3248, -69
192.168.4.2, 3264, -69
192.168.4.2, 3296, -70
192.168.4.2, 3312, -68
192.168.4.2, 3344, -69
192.168.4.2, 3360, -68
192.168.4.2, 3376, -70
192.168.4.2, 3392, -69
192.168.4.2, 3408, -69
192.168.4.2, 3424, -68
192.168.4.2, 3440, -69
192.168.4.2, 3456, -70
192.168.4.2, 3472, -69
192.168.4.2, 3488, -68
192.168.4.2, 3536, -69
192.168.4.2, 3552, -69
192.168.4.2, 3568, -69
192.168.4.2, 3584, -68
192.168.4.2, 3600, -69
192.168.4.2, 3632, -69
192.168.4.2, 3648, -68
192.168.4.2, 3664, -69
192.168.4.2, 3680, -68
192.168.4.2, 3696, -69
192.168.4.2, 3712, -69
192.168.4.2, 3728, -70
192.168.4.2, 3760, -69
192.168.4.2, 3776, -70
192.168.4.2, 3792, -70
192.168.4.2, 3808, -68
192.168.4.2, 3824, -67
192.168.4.2, 3840, -69
192.168.4.2, 3856, -70
192.168.4.2, 3872, -69
192.168.4.2, 3888, -69
192.168.4.2, 3904, -68
192.168.4.2, 3920, -69
192.168.4.2, 3936, -69
192.168.4.2, 3952, -69
192.168.4.2, 3984, -70
192.168.4.2, 4000, -69
192.168.4.2, 4016, -68
192.168.4.2, 4032, -70
192.168.4.2, 4048, -70
192.168.4.2, 4064, -68
192.168.4.2, 4096, -70
192.168.4.2, 4112, -70
192.168.4.2, 4128, -70
192.168.4.2, 4144, -68
192.168.4.2, 4160, -70
192.168.4.2, 4176, -70
192.168.4.2, 4192, -69
192.168.4.2, 4240, -68
192.168.4.2, 4256, -70
192.168.4.2, 4272, -69
192.168.4.2, 4288, -69
192.168.4.2, 4304, -70
192.168.4.2, 4320, -68
192.168.4.2, 4336, -70
192.168.4.2, 4352, -69
192.168.4.2, 4368, -68
192.168.4.2, 4384, -69
192.168.4.2, 4400, -69
192.168.4.2, 4416, -69
192.168.4.2, 4480, -68
192.168.4.2, 4496, -68
192.168.4.2, 4512, -69
192.168.4.2, 4528, -69
192.168.4.2, 4544, -69
192.168.4.2, 4560, -68
192.168.4.2, 4576, -70
192.168.4.2, 4592, -69
192.168.4.2, 4608, -69
192.168.4.2, 4624, -70
192.168.4.2, 4640, -68
192.168.4.2, 4656, -79
192.168.4.2, 4704, -69
192.168.4.2, 4720, -70
192.168.4.2, 4736, -68
192.168.4.2, 4752, -69
192.168.4.2, 4768, -68
192.168.4.2, 4784, -70
192.168.4.2, 4800, -69
192.168.4.2, 4816, -69
192.168.4.2, 4832, -69
192.168.4.2, 4848, -69
192.168.4.2, 4880, -69
192.168.4.2, 4928, -69
192.168.4.2, 4960, -69
192.168.4.2, 4992, -69
192.168.4.2, 5008, -67
192.168.4.2, 5024, -69
192.168.4.2, 5040, -69
192.168.4.2, 5056, -68
192.168.4.2, 5072, -70
192.168.4.2, 5088, -70
192.168.4.2, 5104, -69
192.168.4.2, 5120, -69
192.168.4.2, 5168, -69
192.168.4.2, 5184, -70
192.168.4.2, 5216, -66
192.168.4.2, 5232, -71
192.168.4.2, 5264, -67
192.168.4.2, 5280, -70
192.168.4.2, 4294967223, 1
192.168.4.11, 56784, -68
192.168.4.11, 56816, -68
192.168.4.11, 56928, -69
192.168.4.11, 56944, -68
192.168.4.11, 56976, -72
192.168.4.11, 56992, -73
192.168.4.11, 57008, -69
192.168.4.11, 57024, -71
192.168.4.11, 57040, -67
192.168.4.11, 57056, -70
192.168.4.11, 57072, -79
192.168.4.11, 57088, -80
192.168.4.11, 57104, -81
192.168.4.11, 57120, -77
192.168.4.11, 57152, -77
192.168.4.11, 57168, -78
192.168.4.11, 57232, -79
192.168.4.11, 57248, -78
192.168.4.11, 57264, -79
192.168.4.11, 57280, -77
192.168.4.11, 57296, -76
192.168.4.11, 57312, -75
192.168.4.11, 57328, -75
192.168.4.11, 57344, -74
192.168.4.11, 57360, -73
192.168.4.11, 57376, -79
192.168.4.11, 57392, -73
192.168.4.11, 57408, -73
192.168.4.11, 57488, -76
192.168.4.11, 57520, -75
192.168.4.11, 64208, -84
192.168.4.11, 64224, -80
192.168.4.11, 64240, -81
192.168.4.11, 64272, -81
192.168.4.11, 64352, -79
192.168.4.11, 64384, -81
192.168.4.11, 64400, -79
192.168.4.11, 64416, -80
192.168.4.11, 64432, -80
192.168.4.11, 64448, -81
192.168.4.11, 64464, -82
192.168.4.11, 64480, -81
192.168.4.11, 64496, -82
192.168.4.11, 64512, -84
192.168.4.11, 64528, -79
192.168.4.11, 64544, -81
192.168.4.11, 64560, -81
192.168.4.11, 64576, -80
192.168.4.11, 64656, -80
192.168.4.11, 64704, -81
192.168.4.11, 64736, -80
192.168.4.11, 64752, -80
192.168.4.11, 64768, -80
192.168.4.11, 64784, -80
192.168.4.11, 64800, -79
192.168.4.11, 64832, -81
192.168.4.11, 64848, -80
192.168.4.11, 64864, -81
192.168.4.11, 64880, -81
192.168.4.11, 64896, -79
