distance,rssi
0.1,-34
0.1,-34
0.1,-35
0.1,-34
0.1,-34
0.1,-34
0.1,-33
0.1,-34
0.1,-34
0.1,-34
0.1,-35
0.1,-34
0.1,-34
0.1,-35
0.1,-35
0.1,-34
0.1,-34
0.1,-34
0.1,-34
0.1,-35
0.1,-34
0.1,-34
0.1,-35
0.1,-34
0.1,-35
0.1,-34
0.1,-35
0.1,-34
0.1,-34
0.1,-35
0.1,-34
0.1,-34
0.1,-34
0.1,-33
0.1,-33
0.1,-33
0.1,-35
0.1,-33
0.1,-35
0.1,-35
0.1,-34
0.1,-34
0.1,-34
0.1,-34
0.1,-35
0.1,-34
0.1,-34
0.1,-34
0.1,-34
0.1,-34
0.1,-34
0.1,-34
0.1,-34
0.1,-34
0.1,-34
0.1,-34
0.1,-33
0.1,-34
0.1,-35
0.1,-34
0.1,-34
0.1,-34
0.1,-34
0.1,-36
0.1,-34
0.1,-34
0.1,-34
0.1,-34
0.1,-34
0.1,-34
0.1,-33
0.1,-33
0.1,-35
0.1,-34
0.1,-34
0.1,-34
0.1,-35
0.1,-34
0.1,-34
0.1,-33
0.1,-34
0.1,-34
0.1,-34
0.1,-34
0.1,-35
0.1,-36
0.1,-34
0.1,-34
0.1,-34
0.1,-34
0.1,-33
0.1,-34
0.1,-35
0.1,-34
0.1,-34
0.1,-34
0.1,-34
0.1,-34
0.1,-33
0.1,-34
0.1,-33
0.1,-34
0.1,-35
0.1,-33
0.1,-33
0.1,-34
0.1,-34
0.1,-35
0.1,-34
0.1,-34
0.1,-34
0.1,-34
0.1,-33
0.1,-34
0.1,-34
0.1,-35
0.1,-35
0.1,-34
0.1,-34
0.1,-34
0.1,-34
0.1,-35
0.1,-34
0.1,-33
0.1,-34
0.1,-35
0.1,-34
0.1,-34
0.1,-34
0.1,-35
0.1,-35
0.1,-35
0.1,-35
0.1,-35
0.1,-34
0.1,-34
0.1,-34
0.1,-36
0.1,-34
0.1,-34
0.1,-35
0.1,-35
0.1,-34
0.1,-34
0.1,-34
0.1,-35
0.1,-34
0.1,-34
0.1,-33
0.1,-34
0.1,-34
0.1,-33
0.1,-34
0.1,-34
0.1,-34
0.1,-34
0.1,-34
0.1,-33
0.1,-35
0.1,-34
0.1,-34
0.1,-34
0.1,-34
0.1,-34
0.1,-34
0.1,-34
0.1,-35
0.1,-33
0.1,-33
0.1,-35
0.1,-34
0.1,-34
0.1,-34
0.1,-33
0.1,-34
0.1,-35
0.1,-35
0.1,-34
0.1,-35
0.1,-34
0.1,-33
0.1,-35
0.1,-34
0.1,-35
0.1,-34
0.1,-35
0.1,-34
0.1,-35
0.1,-35
0.1,-34
0.1,-34
0.1,-34
0.1,-34
0.1,-35
0.1,-34
0.1,-33
0.1,-34
1,-59
1,-58
1,-59
1,-58
1,-59
1,-58
1,-59
1,-59
1,-58
1,-59
1,-59
1,-60
1,-59
1,-58
1,-59
1,-58
1,-58
1,-58
1,-59
1,-59
1,-59
1,-58
1,-58
1,-57
1,-58
1,-58
1,-59
1,-60
1,-58
1,-58
1,-59
1,-58
1,-58
1,-59
1,-59
1,-59
1,-59
1,-59
1,-58
1,-57
1,-59
1,-58
1,-57
1,-58
1,-57
1,-57
1,-58
1,-58
1,-59
1,-59
1,-57
1,-58
1,-58
1,-58
1,-56
1,-57
1,-57
1,-58
1,-57
1,-57
1,-57
1,-58
1,-58
1,-58
1,-58
1,-58
1,-59
1,-57
1,-57
1,-58
1,-58
1,-57
1,-57
1,-56
1,-56
1,-56
1,-56
1,-56
1,-58
1,-56
1,-57
1,-56
1,-57
1,-56
1,-56
1,-55
1,-56
1,-56
1,-57
1,-57
1,-56
1,-57
1,-56
1,-57
1,-57
1,-58
1,-56
1,-58
1,-56
1,-58
1,-58
1,-59
1,-59
1,-59
1,-58
1,-59
1,-59
1,-58
1,-59
1,-58
1,-58
1,-59
1,-59
1,-58
1,-57
1,-57
1,-59
1,-58
1,-59
1,-58
1,-61
1,-58
1,-57
1,-58
1,-58
1,-57
1,-59
1,-58
1,-57
1,-58
1,-57
1,-57
1,-58
1,-57
1,-57
1,-58
1,-57
1,-58
1,-58
1,-57
1,-57
1,-58
1,-58
1,-58
1,-59
1,-59
1,-58
1,-59
1,-58
1,-59
1,-59
1,-58
1,-58
1,-58
1,-59
1,-58
1,-59
1,-58
1,-58
1,-58
1,-57
1,-58
1,-58
1,-58
1,-58
1,-57
1,-58
1,-57
1,-59
1,-58
1,-59
1,-58
1,-58
1,-58
1,-58
1,-59
1,-57
1,-58
1,-58
1,-57
1,-58
1,-60
1,-58
1,-58
1,-58
1,-58
1,-58
1,-57
1,-58
1,-57
1,-57
1,-58
1,-57
1,-58
1,-58
2,-66
2,-64
2,-64
2,-65
2,-64
2,-64
2,-66
2,-63
2,-64
2,-63
2,-65
2,-63
2,-66
2,-63
2,-66
2,-66
2,-64
2,-66
2,-67
2,-65
2,-66
2,-64
2,-64
2,-64
2,-64
2,-64
2,-65
2,-66
2,-67
2,-64
2,-66
2,-65
2,-65
2,-66
2,-66
2,-65
2,-66
2,-65
2,-65
2,-66
2,-64
2,-65
2,-65
2,-66
2,-65
2,-65
2,-65
2,-65
2,-65
2,-65
2,-65
2,-65
2,-65
2,-65
2,-65
2,-65
2,-66
2,-65
2,-65
2,-66
2,-64
2,-65
2,-66
2,-65
2,-66
2,-66
2,-66
2,-66
2,-65
2,-66
2,-65
2,-67
2,-65
2,-67
2,-65
2,-66
2,-66
2,-66
2,-67
2,-66
2,-65
2,-66
2,-65
2,-66
2,-67
2,-66
2,-66
2,-66
2,-65
2,-65
2,-66
2,-66
2,-66
2,-66
2,-66
2,-65
2,-65
2,-64
2,-66
2,-65
2,-66
2,-66
2,-65
2,-67
2,-67
2,-67
2,-66
2,-68
2,-66
2,-66
2,-66
2,-66
2,-67
2,-66
2,-66
2,-66
2,-66
2,-66
2,-65
2,-66
2,-66
2,-65
2,-65
2,-65
2,-67
2,-66
2,-65
2,-65
2,-65
2,-67
2,-66
2,-67
2,-66
2,-65
2,-65
2,-66
2,-67
2,-67
2,-66
2,-66
2,-67
2,-67
2,-66
2,-66
2,-65
2,-65
2,-66
2,-66
2,-66
2,-65
2,-65
2,-64
2,-65
2,-64
2,-65
2,-65
2,-65
2,-67
2,-67
2,-66
2,-67
2,-65
2,-67
2,-67
2,-68
2,-66
2,-66
2,-67
2,-67
2,-66
2,-66
2,-66
2,-67
2,-66
2,-65
2,-67
2,-67
2,-68
2,-66
2,-67
2,-67
2,-66
2,-66
2,-66
2,-68
2,-68
2,-65
3,-61
3,-63
3,-62
3,-61
3,-62
3,-63
3,-63
3,-65
3,-64
3,-67
3,-65
3,-64
3,-66
3,-66
3,-64
3,-64
3,-65
3,-64
3,-65
3,-64
3,-64
3,-64
3,-64
3,-64
3,-63
3,-63
3,-65
3,-63
3,-64
3,-62
3,-63
3,-63
3,-62
3,-64
3,-62
3,-63
3,-64
3,-64
3,-63
3,-63
3,-63
3,-65
3,-63
3,-63
3,-63
3,-65
3,-65
3,-65
3,-66
3,-67
3,-65
3,-66
3,-66
3,-66
3,-66
3,-65
3,-67
3,-65
3,-66
3,-65
3,-65
3,-64
3,-65
3,-65
3,-64
3,-65
3,-66
3,-65
3,-64
3,-65
3,-65
3,-65
3,-65
3,-65
3,-66
3,-66
3,-65
3,-67
3,-65
3,-65
3,-64
3,-65
3,-66
3,-66
3,-65
3,-65
3,-64
3,-65
3,-64
3,-65
3,-66
3,-66
3,-64
3,-64
3,-64
3,-64
3,-65
3,-65
3,-64
3,-65
3,-64
3,-65
3,-66
3,-64
3,-63
3,-63
3,-64
3,-64
3,-66
3,-64
3,-63
3,-64
3,-66
3,-64
3,-63
3,-63
3,-64
3,-63
3,-63
3,-64
3,-64
3,-64
3,-64
3,-64
3,-63
3,-64
3,-64
3,-63
3,-65
3,-63
3,-63
3,-63
3,-63
3,-65
3,-63
3,-62
3,-64
3,-64
3,-63
3,-62
3,-63
3,-63
3,-64
3,-64
3,-64
3,-64
3,-63
3,-63
3,-63
3,-64
3,-64
3,-63
3,-63
3,-63
3,-64
3,-64
3,-64
3,-64
3,-64
3,-63
3,-63
3,-64
3,-63
3,-63
3,-63
3,-64
3,-65
3,-64
3,-62
3,-63
3,-63
3,-63
3,-63
3,-63
3,-64
3,-62
3,-64
3,-63
3,-62
3,-63
3,-65
3,-63
3,-63
3,-63
3,-64
3,-64
3,-63
3,-65
3,-63
3,-64
3,-64
3,-62
4,-66
4,-67
4,-67
4,-67
4,-66
4,-66
4,-67
4,-66
4,-66
4,-67
4,-68
4,-68
4,-66
4,-66
4,-67
4,-67
4,-66
4,-66
4,-68
4,-67
4,-68
4,-66
4,-66
4,-66
4,-65
4,-66
4,-67
4,-66
4,-66
4,-67
4,-68
4,-66
4,-67
4,-68
4,-67
4,-66
4,-66
4,-66
4,-65
4,-68
4,-67
4,-67
4,-67
4,-66
4,-69
4,-68
4,-68
4,-67
4,-67
4,-68
4,-67
4,-67
4,-68
4,-67
4,-68
4,-66
4,-67
4,-67
4,-66
4,-66
4,-66
4,-66
4,-67
4,-66
4,-67
4,-68
4,-69
4,-67
4,-67
4,-67
4,-66
4,-67
4,-67
4,-67
4,-67
4,-67
4,-67
4,-67
4,-67
4,-68
4,-66
4,-68
4,-67
4,-68
4,-67
4,-67
4,-67
4,-68
4,-67
4,-68
4,-67
4,-67
4,-67
4,-70
4,-67
4,-68
4,-67
4,-68
4,-69
4,-69
4,-69
4,-69
4,-69
4,-69
4,-70
4,-71
4,-71
4,-71
4,-72
4,-72
4,-73
4,-72
4,-73
4,-73
4,-74
4,-74
4,-76
4,-74
4,-75
4,-74
4,-73
4,-73
4,-73
4,-73
4,-72
4,-71
4,-71
4,-72
4,-73
4,-72
4,-74
4,-73
4,-73
4,-71
4,-67
4,-63
4,-66
4,-65
4,-66
4,-65
4,-65
4,-65
4,-65
4,-66
4,-65
4,-63
4,-64
4,-66
4,-70
4,-72
4,-71
4,-72
4,-71
4,-73
4,-75
4,-71
4,-71
4,-68
4,-66
4,-64
4,-65
4,-64
4,-63
4,-65
4,-66
4,-65
4,-67
4,-67
4,-68
4,-69
4,-70
4,-70
4,-69
4,-70
4,-70
4,-69
4,-68
4,-69
4,-70
4,-70
4,-70
4,-69
4,-70
4,-70
4,-70
4,-70
4,-71
4,-71
4,-70
4,-71
4,-73
4,-71
4,-72
4,-73
5,-72
5,-71
5,-71
5,-72
5,-72
5,-72
5,-74
5,-72
5,-72
5,-73
5,-73
5,-73
5,-72
5,-72
5,-71
5,-71
5,-72
5,-72
5,-71
5,-72
5,-72
5,-72
5,-72
5,-73
5,-73
5,-72
5,-73
5,-72
5,-72
5,-73
5,-73
5,-73
5,-73
5,-72
5,-72
5,-73
5,-72
5,-71
5,-71
5,-71
5,-71
5,-71
5,-71
5,-70
5,-71
5,-71
5,-70
5,-70
5,-69
5,-68
5,-68
5,-68
5,-67
5,-68
5,-69
5,-69
5,-67
5,-69
5,-68
5,-68
5,-68
5,-67
5,-68
5,-68
5,-67
5,-67
5,-67
5,-69
5,-68
5,-69
5,-69
5,-68
5,-69
5,-69
5,-68
5,-68
5,-66
5,-67
5,-66
5,-67
5,-69
5,-67
5,-66
5,-68
5,-69
5,-67
5,-68
5,-69
5,-67
5,-67
5,-67
5,-68
5,-67
5,-67
5,-67
5,-67
5,-67
5,-67
5,-67
5,-70
5,-69
5,-69
5,-68
5,-67
5,-66
5,-67
5,-67
5,-67
5,-68
5,-68
5,-69
5,-67
5,-69
5,-67
5,-68
5,-67
5,-70
5,-67
5,-68
5,-67
5,-67
5,-68
5,-68
5,-68
5,-68
5,-68
5,-68
5,-67
5,-67
5,-69
5,-67
5,-68
5,-66
5,-69
5,-68
5,-68
5,-67
5,-67
5,-68
5,-67
5,-67
5,-67
5,-68
5,-68
5,-69
5,-67
5,-67
5,-68
5,-68
5,-67
5,-66
5,-66
5,-68
5,-68
5,-68
5,-66
5,-66
5,-69
5,-66
5,-67
5,-67
5,-66
5,-69
5,-68
5,-68
5,-68
5,-68
5,-68
5,-68
5,-68
5,-67
5,-68
5,-68
5,-68
5,-68
5,-68
5,-69
5,-70
5,-68
5,-68
5,-68
5,-70
5,-68
5,-68
5,-67
5,-68
5,-68
5,-69
5,-68
5,-68
5,-67
5,-67
5,-69
5,-67
5,-69
5,-67
5,-67
6,-71
6,-70
6,-69
6,-69
6,-69
6,-69
6,-68
6,-69
6,-70
6,-69
6,-70
6,-69
6,-70
6,-70
6,-71
6,-70
6,-69
6,-70
6,-71
6,-70
6,-71
6,-70
6,-71
6,-70
6,-68
6,-68
6,-68
6,-67
6,-68
6,-69
6,-69
6,-70
6,-69
6,-71
6,-74
6,-73
6,-73
6,-75
6,-73
6,-70
6,-69
6,-71
6,-74
6,-72
6,-74
6,-75
6,-71
6,-69
6,-71
6,-73
6,-73
6,-73
6,-73
6,-71
6,-72
6,-74
6,-73
6,-73
6,-75
6,-73
6,-75
6,-75
6,-75
6,-73
6,-74
6,-73
6,-74
6,-73
6,-74
6,-75
6,-75
6,-73
6,-74
6,-75
6,-75
6,-76
6,-75
6,-75
6,-75
6,-75
6,-74
6,-76
6,-74
6,-75
6,-75
6,-76
6,-74
6,-75
6,-74
6,-74
6,-73
6,-73
6,-72
6,-75
6,-75
6,-74
6,-76
6,-75
6,-74
6,-75
6,-73
6,-72
6,-72
6,-71
6,-71
6,-71
6,-72
6,-73
6,-71
6,-70
6,-71
6,-73
6,-73
6,-70
6,-70
6,-72
6,-71
6,-71
6,-71
6,-71
6,-73
6,-71
6,-72
6,-71
6,-72
6,-70
6,-70
6,-70
6,-68
6,-69
6,-70
6,-69
6,-68
6,-69
6,-69
6,-69
6,-70
6,-70
6,-70
6,-72
6,-70
6,-70
6,-70
6,-70
6,-71
6,-71
6,-70
6,-70
6,-70
6,-71
6,-71
6,-72
6,-71
6,-72
6,-72
6,-69
6,-72
6,-72
6,-73
6,-73
6,-76
6,-70
6,-69
6,-71
6,-71
6,-72
6,-73
6,-74
6,-71
6,-70
6,-69
6,-70
6,-70
6,-71
6,-70
6,-70
6,-69
6,-70
6,-70
6,-71
6,-71
6,-70
6,-70
6,-70
6,-70
6,-71
6,-71
6,-70
6,-70
6,-71
6,-70
6,-70
6,-70
7,-70
7,-70
7,-72
7,-71
7,-71
7,-71
7,-71
7,-72
7,-72
7,-73
7,-72
7,-71
7,-71
7,-71
7,-70
7,-71
7,-71
7,-71
7,-72
7,-72
7,-72
7,-72
7,-73
7,-72
7,-72
7,-71
7,-72
7,-72
7,-72
7,-71
7,-71
7,-71
7,-70
7,-71
7,-72
7,-72
7,-71
7,-70
7,-71
7,-71
7,-72
7,-72
7,-73
7,-72
7,-71
7,-71
7,-71
7,-72
7,-72
7,-71
7,-72
7,-72
7,-72
7,-71
7,-71
7,-72
7,-72
7,-70
7,-71
7,-70
7,-71
7,-70
7,-71
7,-71
7,-72
7,-71
7,-72
7,-71
7,-71
7,-72
7,-72
7,-71
7,-71
7,-72
7,-71
7,-70
7,-72
7,-71
7,-71
7,-72
7,-71
7,-72
7,-70
7,-70
7,-70
7,-71
7,-72
7,-71
7,-73
7,-72
7,-72
7,-72
7,-71
7,-71
7,-72
7,-72
7,-71
7,-73
7,-73
7,-73
7,-71
7,-72
7,-72
7,-72
7,-71
7,-71
7,-71
7,-73
7,-71
7,-72
7,-72
7,-72
7,-73
7,-71
7,-72
7,-73
7,-72
7,-71
7,-72
7,-73
7,-72
7,-71
7,-72
7,-73
7,-72
7,-72
7,-72
7,-73
7,-71
7,-72
7,-72
7,-72
7,-72
7,-72
7,-72
7,-73
7,-72
7,-71
7,-71
7,-72
7,-71
7,-71
7,-73
7,-72
7,-72
7,-72
7,-71
7,-72
7,-72
7,-72
7,-72
7,-73
7,-73
7,-72
7,-72
7,-72
7,-72
7,-72
7,-73
7,-72
7,-71
7,-71
7,-71
7,-72
7,-71
7,-71
7,-71
7,-71
7,-73
7,-72
7,-72
7,-72
7,-70
7,-73
7,-71
7,-71
7,-72
7,-71
7,-71
7,-72
7,-72
7,-70
7,-72
7,-70
7,-71
7,-72
7,-73
7,-73
7,-71
8,-78
8,-77
8,-78
8,-78
8,-77
8,-77
8,-77
8,-78
8,-79
8,-78
8,-78
8,-78
8,-78
8,-77
8,-78
8,-77
8,-78
8,-77
8,-77
8,-77
8,-77
8,-76
8,-78
8,-76
8,-77
8,-79
8,-78
8,-79
8,-79
8,-78
8,-78
8,-78
8,-79
8,-78
8,-78
8,-78
8,-77
8,-77
8,-77
8,-77
8,-77
8,-76
8,-76
8,-77
8,-77
8,-76
8,-76
8,-77
8,-77
8,-78
8,-78
8,-77
8,-78
8,-78
8,-78
8,-77
8,-77
8,-78
8,-78
8,-77
8,-77
8,-78
8,-78
8,-77
8,-77
8,-77
8,-78
8,-77
8,-77
8,-78
8,-77
8,-77
8,-78
8,-78
8,-78
8,-77
8,-79
8,-77
8,-77
8,-77
8,-78
8,-79
8,-79
8,-78
8,-79
8,-80
8,-79
8,-79
8,-78
8,-78
8,-78
8,-79
8,-79
8,-78
8,-78
8,-79
8,-79
8,-80
8,-79
8,-79
8,-78
8,-78
8,-78
8,-78
8,-77
8,-77
8,-78
8,-78
8,-78
8,-79
8,-79
8,-78
8,-79
8,-79
8,-79
8,-77
8,-78
8,-78
8,-78
8,-79
8,-80
8,-80
8,-81
8,-80
8,-80
8,-79
8,-80
8,-79
8,-79
8,-78
8,-79
8,-79
8,-79
8,-78
8,-78
8,-78
8,-79
8,-78
8,-77
8,-78
8,-77
8,-78
8,-79
8,-78
8,-79
8,-78
8,-77
8,-77
8,-78
8,-78
8,-79
8,-77
8,-78
8,-78
8,-78
8,-79
8,-78
8,-80
8,-80
8,-81
8,-79
8,-79
8,-79
8,-78
8,-77
8,-76
8,-77
8,-76
8,-78
8,-79
8,-78
8,-79
8,-79
8,-78
8,-78
8,-77
8,-78
8,-78
8,-79
8,-80
8,-79
8,-78
8,-79
8,-78
8,-79
8,-79
8,-80
8,-80
8,-80
8,-81
9,-77
9,-78
9,-76
9,-77
9,-78
9,-77
9,-77
9,-77
9,-77
9,-76
9,-76
9,-76
9,-78
9,-77
9,-78
9,-76
9,-76
9,-76
9,-77
9,-76
9,-77
9,-78
9,-79
9,-78
9,-78
9,-77
9,-77
9,-78
9,-76
9,-77
9,-79
9,-79
9,-77
9,-79
9,-79
9,-81
9,-80
9,-80
9,-80
9,-79
9,-77
9,-75
9,-75
9,-75
9,-77
9,-76
9,-77
9,-76
9,-76
9,-77
9,-78
9,-78
9,-78
9,-78
9,-76
9,-76
9,-76
9,-76
9,-77
9,-77
9,-77
9,-79
9,-77
9,-79
9,-77
9,-78
9,-77
9,-78
9,-79
9,-80
9,-80
9,-78
9,-78
9,-78
9,-80
9,-79
9,-79
9,-79
9,-80
9,-80
9,-81
9,-77
9,-77
9,-78
9,-79
9,-78
9,-78
9,-78
9,-78
9,-78
9,-79
9,-78
9,-79
9,-78
9,-77
9,-77
9,-78
9,-78
9,-77
9,-76
9,-76
9,-75
9,-75
9,-75
9,-77
9,-78
9,-79
9,-76
9,-77
9,-79
9,-79
9,-75
9,-76
9,-78
9,-77
9,-74
9,-76
9,-76
9,-75
9,-75
9,-75
9,-76
9,-77
9,-78
9,-77
9,-75
9,-76
9,-76
9,-76
9,-75
9,-75
9,-76
9,-76
9,-75
9,-76
9,-76
9,-76
9,-76
9,-76
9,-76
9,-77
9,-76
9,-75
9,-75
9,-75
9,-76
9,-76
9,-76
9,-76
9,-76
9,-76
9,-75
9,-74
9,-75
9,-75
9,-76
9,-75
9,-76
9,-75
9,-75
9,-75
9,-75
9,-76
9,-76
9,-75
9,-75
9,-74
9,-76
9,-76
9,-76
9,-75
9,-76
9,-76
9,-75
9,-74
9,-74
9,-74
9,-76
9,-75
9,-75
9,-75
9,-75
9,-75
9,-75
9,-75
10.1,-79
10.1,-79
10.1,-79
10.1,-81
10.1,-82
10.1,-81
10.1,-81
10.1,-82
10.1,-81
10.1,-82
10.1,-82
10.1,-80
10.1,-83
10.1,-81
10.1,-81
10.1,-82
10.1,-81
10.1,-82
10.1,-81
10.1,-82
10.1,-80
10.1,-82
10.1,-82
10.1,-79
10.1,-81
10.1,-80
10.1,-82
10.1,-81
10.1,-80
10.1,-80
10.1,-80
10.1,-82
10.1,-81
10.1,-82
10.1,-80
10.1,-79
10.1,-79
10.1,-80
10.1,-81
10.1,-81
10.1,-79
10.1,-81
10.1,-79
10.1,-82
10.1,-82
10.1,-81
10.1,-80
10.1,-81
10.1,-81
10.1,-81
10.1,-81
10.1,-82
10.1,-81
10.1,-82
10.1,-81
10.1,-81
10.1,-81
10.1,-81
10.1,-83
10.1,-82
10.1,-81
10.1,-82
10.1,-82
10.1,-82
10.1,-82
10.1,-81
10.1,-81
10.1,-82
10.1,-81
10.1,-81
10.1,-81
10.1,-82
10.1,-82
10.1,-80
10.1,-80
10.1,-80
10.1,-82
10.1,-81
10.1,-82
10.1,-82
10.1,-82
10.1,-82
10.1,-83
10.1,-83
10.1,-82
10.1,-83
10.1,-80
10.1,-80
10.1,-81
10.1,-84
10.1,-83
10.1,-83
10.1,-82
10.1,-82
10.1,-82
10.1,-81
10.1,-81
10.1,-82
10.1,-81
10.1,-83
10.1,-83
10.1,-82
10.1,-83
10.1,-81
10.1,-81
10.1,-82
10.1,-82
10.1,-81
10.1,-80
10.1,-83
10.1,-81
10.1,-82
10.1,-82
10.1,-82
10.1,-83
10.1,-81
10.1,-82
10.1,-83
10.1,-82
10.1,-83
10.1,-81
10.1,-81
10.1,-81
10.1,-80
10.1,-82
10.1,-81
10.1,-81
10.1,-82
10.1,-82
10.1,-81
10.1,-81
10.1,-82
10.1,-81
10.1,-81
10.1,-81
10.1,-81
10.1,-81
10.1,-81
10.1,-80
10.1,-80
10.1,-82
10.1,-81
10.1,-81
10.1,-82
10.1,-81
10.1,-80
10.1,-82
10.1,-81
10.1,-80
10.1,-81
10.1,-80
10.1,-82
10.1,-81
10.1,-80
10.1,-80
10.1,-81
10.1,-80
10.1,-80
10.1,-80
10.1,-81
10.1,-82
10.1,-82
10.1,-80
10.1,-81
10.1,-80
10.1,-81
10.1,-82
10.1,-81
10.1,-80
10.1,-82
10.1,-80
10.1,-82
10.1,-81
10.1,-82
10.1,-81
10.1,-82
10.1,-82
10.1,-82
10.1,-83
10.1,-84
10.1,-83
10.1,-82
10.1,-82
10.1,-84
10.1,-83
10.1,-83
10.1,-83
10.1,-84
10.1,-82
10.1,-83
10.1,-82
10.1,-83
10.1,-82
10.1,-84
10.1,-83
11,-80
11,-81
11,-82
11,-81
11,-81
11,-81
11,-80
11,-78
11,-80
11,-78
11,-78
11,-81
11,-80
11,-80
11,-78
11,-79
11,-80
11,-80
11,-81
11,-81
11,-78
11,-80
11,-78
11,-81
11,-82
11,-80
11,-82
11,-82
11,-81
11,-81
11,-81
11,-82
11,-81
11,-81
11,-79
11,-81
11,-81
11,-80
11,-80
11,-81
11,-81
11,-80
11,-82
11,-81
11,-81
11,-80
11,-81
11,-79
11,-79
11,-80
11,-81
11,-79
11,-80
11,-81
11,-79
11,-81
11,-79
11,-80
11,-79
11,-79
11,-80
11,-78
11,-78
11,-81
11,-79
11,-80
11,-80
11,-79
11,-79
11,-79
11,-81
11,-79
11,-80
11,-78
11,-80
11,-80
11,-78
11,-80
11,-79
11,-80
11,-80
11,-79
11,-80
11,-80
11,-80
11,-79
11,-80
11,-79
11,-79
11,-78
11,-78
11,-80
11,-79
11,-80
11,-80
11,-81
11,-80
11,-82
11,-80
11,-81
11,-80
11,-80
11,-81
11,-82
11,-81
11,-80
11,-81
11,-80
11,-81
11,-81
11,-80
11,-80
11,-79
11,-80
11,-80
11,-82
11,-82
11,-81
11,-82
11,-82
11,-82
11,-81
11,-81
11,-81
11,-81
11,-81
11,-82
11,-80
11,-79
11,-78
11,-79
11,-81
11,-80
11,-80
11,-79
11,-78
11,-80
11,-81
11,-81
11,-78
11,-81
11,-80
11,-80
11,-81
11,-80
11,-80
11,-80
11,-79
11,-80
11,-79
11,-80
11,-79
11,-79
11,-79
11,-79
11,-80
11,-81
11,-81
11,-81
11,-79
11,-82
11,-78
11,-80
11,-80
11,-80
11,-80
11,-78
11,-80
11,-79
11,-81
11,-80
11,-80
11,-82
11,-82
11,-80
11,-79
11,-80
11,-80
11,-80
11,-81
11,-80
11,-81
11,-80
11,-83
12,-78
12,-78
12,-77
12,-78
12,-80
12,-81
12,-81
12,-81
12,-80
12,-80
12,-78
12,-78
12,-80
12,-79
12,-78
12,-77
12,-81
12,-80
12,-80
12,-79
12,-79
12,-80
12,-79
12,-81
12,-81
12,-80
12,-78
12,-78
12,-77
12,-79
12,-79
12,-80
12,-81
12,-80
12,-81
12,-81
12,-80
12,-81
12,-80
12,-80
12,-79
12,-78
12,-79
12,-79
12,-80
12,-79
12,-78
12,-78
12,-80
12,-80
12,-80
12,-79
12,-77
12,-80
12,-78
12,-78
12,-79
12,-79
12,-80
12,-79
12,-79
12,-79
12,-80
12,-79
12,-78
12,-80
12,-80
12,-81
12,-81
12,-81
12,-78
12,-79
12,-78
12,-79
12,-78
12,-79
12,-78
12,-80
12,-80
12,-79
12,-80
12,-80
12,-78
12,-80
12,-79
12,-79
12,-77
12,-78
12,-79
12,-80
12,-79
12,-78
12,-77
12,-79
12,-78
12,-79
12,-79
12,-79
12,-79
12,-79
12,-78
12,-79
12,-78
12,-79
12,-78
12,-80
12,-79
12,-79
12,-79
12,-78
12,-78
12,-79
12,-79
12,-79
12,-79
12,-78
12,-79
12,-78
12,-79
12,-80
12,-79
12,-79
12,-80
12,-79
12,-81
12,-81
12,-80
12,-81
12,-82
12,-80
12,-82
12,-81
12,-80
12,-79
12,-81
12,-80
12,-79
12,-80
12,-81
12,-82
12,-80
12,-79
12,-81
12,-79
12,-79
12,-79
12,-80
12,-78
12,-79
12,-79
12,-79
12,-81
12,-80
12,-81
12,-80
12,-80
12,-80
12,-81
12,-79
12,-80
12,-79
12,-80
12,-79
12,-80
12,-80
12,-80
12,-81
12,-81
12,-80
12,-79
12,-81
12,-80
12,-80
12,-79
12,-80
12,-80
12,-79
12,-79
12,-78
12,-79
12,-79
12,-79
12,-80
12,-81
12,-80
12,-79
12,-80
12,-80
12,-79
12,-79
13,-81
13,-80
13,-80
13,-81
13,-82
13,-80
13,-81
13,-80
13,-81
13,-80
13,-80
13,-79
13,-80
13,-82
13,-79
13,-80
13,-80
13,-79
13,-81
13,-81
13,-80
13,-80
13,-79
13,-81
13,-82
13,-82
13,-80
13,-81
13,-80
13,-81
13,-82
13,-80
13,-81
13,-83
13,-81
13,-81
13,-82
13,-79
13,-81
13,-82
13,-82
13,-80
13,-79
13,-80
13,-81
13,-82
13,-81
13,-80
13,-80
13,-80
13,-81
13,-80
13,-80
13,-81
13,-81
13,-79
13,-80
13,-80
13,-79
13,-79
13,-80
13,-79
13,-79
13,-79
13,-79
13,-81
13,-81
13,-80
13,-80
13,-80
13,-81
13,-80
13,-81
13,-81
13,-81
13,-82
13,-81
13,-80
13,-82
13,-82
13,-80
13,-80
13,-80
13,-81
13,-80
13,-81
13,-81
13,-80
13,-81
13,-79
13,-80
13,-80
13,-81
13,-81
13,-82
13,-81
13,-83
13,-81
13,-82
13,-82
13,-82
13,-82
13,-81
13,-82
13,-81
13,-82
13,-82
13,-81
13,-81
13,-81
13,-82
13,-82
13,-82
13,-81
13,-82
13,-82
13,-82
13,-82
13,-80
13,-82
13,-81
13,-81
13,-81
13,-81
13,-81
13,-81
13,-80
13,-82
13,-82
13,-81
13,-83
13,-82
13,-82
13,-83
13,-82
13,-82
13,-83
13,-82
13,-81
13,-83
13,-82
13,-83
13,-84
13,-81
13,-81
13,-82
13,-82
13,-82
13,-82
13,-81
13,-81
13,-81
13,-81
13,-81
13,-81
13,-82
13,-83
13,-82
13,-83
13,-84
13,-82
13,-82
13,-81
13,-82
13,-82
13,-82
13,-83
13,-83
13,-83
13,-83
13,-82
13,-84
13,-82
13,-84
13,-81
13,-82
13,-82
13,-82
13,-83
13,-81
13,-82
14,-80
14,-82
14,-80
14,-84
14,-80
14,-81
14,-82
14,-81
14,-81
14,-83
14,-83
14,-83
14,-82
14,-82
14,-82
14,-82
14,-81
14,-83
14,-81
14,-80
14,-82
14,-83
14,-80
14,-82
14,-82
14,-82
14,-82
14,-82
14,-81
14,-83
14,-80
14,-82
14,-80
14,-80
14,-80
14,-82
14,-83
14,-83
14,-82
14,-82
14,-83
14,-82
14,-82
14,-81
14,-81
14,-82
14,-82
14,-82
14,-82
14,-81
14,-84
14,-82
14,-82
14,-82
14,-81
14,-83
14,-82
14,-82
14,-83
14,-83
14,-83
14,-81
14,-81
14,-82
14,-81
14,-83
14,-83
14,-81
14,-81
14,-83
14,-82
14,-83
14,-83
14,-82
14,-82
14,-83
14,-80
14,-81
14,-81
14,-81
14,-81
14,-80
14,-81
14,-84
14,-83
14,-82
14,-82
14,-81
14,-80
14,-82
14,-81
14,-82
14,-83
14,-82
14,-83
14,-81
14,-83
14,-81
14,-82
14,-81
14,-81
14,-82
14,-82
14,-82
14,-82
14,-81
14,-81
14,-83
14,-81
14,-82
14,-80
14,-82
14,-82
14,-84
14,-83
14,-82
14,-84
14,-81
14,-80
14,-81
14,-83
14,-81
14,-80
14,-82
14,-82
14,-80
14,-83
14,-79
14,-83
14,-82
14,-82
14,-81
14,-82
14,-81
14,-83
14,-82
14,-81
14,-82
14,-82
14,-82
14,-83
14,-81
14,-82
14,-83
14,-82
14,-82
14,-81
14,-81
14,-83
14,-81
14,-81
14,-82
14,-81
14,-83
14,-83
14,-82
14,-82
14,-83
14,-82
14,-80
14,-82
14,-81
14,-82
14,-82
14,-81
14,-83
14,-83
14,-82
14,-81
14,-83
14,-83
14,-82
14,-81
14,-83
14,-82
14,-81
14,-81
14,-80
14,-83
14,-82
14,-81
14,-82
14,-82
14,-82
14,-81
14,-83
14,-80
14,-82
14,-81
14,-83
14,-82
14,-81
14,-82
14,-81
14,-82
14,-83
14,-82
14,-82
14,-82
15,-86
15,-86
15,-86
15,-87
15,-85
15,-86
15,-86
15,-85
15,-84
15,-83
15,-83
15,-83
15,-84
15,-84
15,-85
15,-84
15,-83
15,-84
15,-83
15,-81
15,-82
15,-81
15,-84
15,-84
15,-84
15,-83
15,-85
15,-84
15,-84
15,-83
15,-83
15,-84
15,-86
15,-85
15,-83
15,-84
15,-84
15,-85
15,-84
15,-84
15,-86
15,-86
15,-86
15,-85
15,-83
15,-83
15,-85
15,-84
15,-82
15,-83
15,-82
15,-81
15,-82
15,-81
15,-83
15,-82
15,-82
15,-82
15,-83
15,-84
15,-83
15,-83
15,-83
15,-83
15,-82
15,-83
15,-83
15,-82
15,-81
15,-82
15,-83
15,-81
15,-83
15,-83
15,-81
15,-83
15,-81
15,-81
15,-82
15,-82
15,-83
15,-83
15,-83
15,-83
15,-83
15,-83
15,-82
15,-82
15,-82
15,-82
15,-83
15,-83
15,-82
15,-83
15,-83
15,-83
15,-83
15,-82
15,-82
15,-83
15,-83
15,-84
15,-83
15,-84
15,-84
15,-85
15,-84
15,-83
15,-83
15,-83
15,-83
15,-83
15,-84
15,-82
15,-85
15,-84
15,-84
15,-83
15,-82
15,-83
15,-83
15,-83
15,-82
15,-83
15,-85
15,-83
15,-82
15,-83
15,-83
15,-84
15,-83
15,-82
15,-83
15,-82
15,-84
15,-83
15,-83
15,-84
15,-82
15,-82
15,-84
15,-83
15,-81
15,-84
15,-83
15,-83
15,-83
15,-81
15,-82
15,-82
15,-82
15,-84
15,-83
15,-82
15,-82
15,-83
15,-83
15,-82
15,-82
15,-80
15,-82
15,-82
15,-84
15,-82
15,-83
15,-83
15,-83
15,-83
15,-85
15,-84
15,-86
15,-83
15,-83
15,-83
15,-83
15,-84
15,-83
15,-85
15,-84
15,-85
15,-82
15,-84
15,-83
15,-81
15,-83
16,-83
16,-82
16,-82
16,-82
16,-83
16,-82
16,-83
16,-84
16,-82
16,-82
16,-82
16,-82
16,-83
16,-83
16,-81
16,-81
16,-82
16,-82
16,-83
16,-83
16,-84
16,-82
16,-83
16,-83
16,-83
16,-83
16,-82
16,-81
16,-84
16,-82
16,-81
16,-83
16,-82
16,-83
16,-81
16,-82
16,-83
16,-82
16,-82
16,-83
16,-82
16,-81
16,-82
16,-81
16,-83
16,-82
16,-81
16,-84
16,-83
16,-83
16,-83
16,-82
16,-82
16,-84
16,-83
16,-83
16,-84
16,-82
16,-84
16,-83
16,-84
16,-84
16,-81
16,-82
16,-82
16,-82
16,-81
16,-81
16,-81
16,-81
16,-81
16,-83
16,-83
16,-82
16,-81
16,-81
16,-81
16,-81
16,-82
16,-82
16,-82
16,-80
16,-80
16,-81
16,-82
16,-81
16,-80
16,-81
16,-81
16,-81
16,-81
16,-80
16,-81
16,-81
16,-82
16,-81
16,-83
16,-81
16,-80
16,-81
16,-80
16,-80
16,-79
16,-80
16,-81
16,-80
16,-81
16,-81
16,-81
16,-82
16,-82
16,-81
16,-79
16,-80
16,-82
16,-82
16,-81
16,-82
16,-81
16,-83
16,-81
16,-83
16,-83
16,-83
16,-81
16,-80
16,-81
16,-82
16,-82
16,-82
16,-81
16,-81
16,-80
16,-81
16,-81
16,-82
16,-82
16,-82
16,-81
16,-82
16,-82
16,-81
16,-80
16,-80
16,-81
16,-81
16,-81
16,-82
16,-83
16,-81
16,-82
16,-82
16,-81
16,-81
16,-81
16,-80
16,-80
16,-81
16,-81
16,-81
16,-80
16,-82
16,-82
16,-81
16,-79
16,-80
16,-80
16,-81
16,-82
16,-81
17,-83
17,-84
17,-85
17,-83
17,-83
17,-84
17,-84
17,-83
17,-84
17,-83
17,-82
17,-82
17,-82
17,-82
17,-82
17,-82
17,-82
17,-82
17,-82
17,-84
17,-82
17,-82
17,-80
17,-80
17,-80
17,-82
17,-82
17,-81
17,-82
17,-80
17,-81
17,-81
17,-81
17,-81
17,-81
17,-81
17,-82
17,-83
17,-82
17,-82
17,-82
17,-82
17,-81
17,-81
17,-82
17,-81
17,-82
17,-82
17,-81
17,-82
17,-82
17,-82
17,-82
17,-80
17,-81
17,-82
17,-83
17,-82
17,-81
17,-82
17,-81
17,-81
17,-80
17,-81
17,-80
17,-82
17,-82
17,-81
17,-81
17,-82
17,-81
17,-81
17,-79
17,-80
17,-79
17,-81
17,-80
17,-82
17,-82
17,-82
17,-81
17,-82
17,-82
17,-81
17,-81
17,-82
17,-81
17,-81
17,-82
17,-82
17,-81
17,-82
17,-81
17,-81
17,-80
17,-82
17,-81
17,-80
17,-81
17,-81
17,-81
17,-83
17,-82
17,-82
17,-82
17,-82
17,-82
17,-82
17,-83
17,-82
17,-83
17,-83
17,-82
17,-81
17,-82
17,-82
17,-80
17,-80
17,-80
17,-80
17,-80
17,-82
17,-83
17,-82
17,-81
17,-83
17,-82
17,-81
17,-81
17,-82
17,-80
17,-81
17,-81
17,-79
17,-80
17,-82
17,-81
17,-81
17,-81
17,-82
17,-81
17,-81
17,-81
17,-81
17,-82
17,-83
17,-81
17,-81
17,-82
17,-81
17,-82
17,-82
17,-83
17,-83
17,-81
17,-81
17,-81
17,-82
17,-80
17,-82
17,-82
17,-80
17,-82
17,-80
17,-83
17,-82
17,-84
17,-82
17,-82
17,-83
17,-83
17,-82
17,-82
17,-82
17,-83
17,-83
17,-83
17,-82
17,-81
17,-83
17,-82
17,-83
17,-81
17,-82
17,-83
17,-82
17,-82
17,-84
17,-82
17,-83
17,-83
17,-84
18,-85
18,-85
18,-86
18,-83
18,-84
18,-82
18,-84
18,-84
18,-85
18,-83
18,-83
18,-85
18,-84
18,-83
18,-84
18,-85
18,-85
18,-84
18,-85
18,-85
18,-85
18,-83
18,-84
18,-84
18,-84
18,-84
18,-85
18,-84
18,-83
18,-84
18,-85
18,-86
18,-85
18,-85
18,-85
18,-85
18,-83
18,-85
18,-85
18,-85
18,-84
18,-84
18,-86
18,-86
18,-86
18,-86
18,-86
18,-86
18,-85
18,-86
18,-85
18,-84
18,-84
18,-86
18,-84
18,-85
18,-83
18,-83
18,-85
18,-85
18,-85
18,-83
18,-83
18,-84
18,-84
18,-86
18,-84
18,-86
18,-83
18,-84
18,-84
18,-83
18,-83
18,-84
18,-85
18,-85
18,-85
18,-86
18,-85
18,-86
18,-87
18,-85
18,-88
18,-86
18,-85
18,-85
18,-85
18,-88
18,-86
18,-85
18,-86
18,-84
18,-86
18,-85
18,-86
18,-85
18,-85
18,-86
18,-83
18,-84
18,-85
18,-85
18,-86
18,-85
18,-85
18,-86
18,-86
18,-86
18,-86
18,-85
18,-87
18,-83
18,-84
18,-85
18,-86
18,-85
18,-84
18,-85
18,-85
18,-84
18,-84
18,-83
18,-84
18,-83
18,-84
18,-84
18,-83
18,-85
18,-83
18,-82
18,-82
18,-83
18,-83
18,-82
18,-83
18,-84
18,-84
18,-84
18,-82
18,-84
18,-82
18,-84
18,-82
18,-84
18,-84
18,-82
18,-82
18,-82
18,-82
18,-82
18,-83
18,-83
18,-81
18,-83
18,-82
18,-83
18,-83
18,-82
18,-84
18,-84
18,-83
18,-83
18,-84
18,-84
18,-83
18,-84
18,-84
18,-86
18,-84
18,-85
18,-85
18,-86
18,-83
18,-85
18,-83
18,-84
18,-84
18,-84
18,-84
18,-85
18,-86
18,-84
18,-84
18,-84
18,-84
18,-83
18,-84
18,-84
18,-84
18,-85
18,-84
18,-84
18,-84
18,-82
18,-86
18,-84
19,-89
19,-89
19,-86
19,-87
19,-86
19,-85
19,-85
19,-85
19,-86
19,-85
19,-85
19,-84
19,-85
19,-85
19,-87
19,-86
19,-86
19,-85
19,-85
19,-85
19,-87
19,-83
19,-85
19,-85
19,-85
19,-85
19,-83
19,-85
19,-85
19,-85
19,-86
19,-85
19,-85
19,-87
19,-86
19,-85
19,-87
19,-87
19,-86
19,-87
19,-87
19,-87
19,-86
19,-85
19,-86
19,-87
19,-86
19,-86
19,-85
19,-83
19,-85
19,-84
19,-86
19,-85
19,-85
19,-86
19,-83
19,-85
19,-88
19,-86
19,-86
19,-84
19,-85
19,-83
19,-84
19,-84
19,-86
19,-85
19,-85
19,-86
19,-84
19,-82
19,-85
19,-83
19,-85
19,-85
19,-84
19,-82
19,-83
19,-82
19,-84
19,-82
19,-82
19,-84
19,-85
19,-83
19,-85
19,-84
19,-84
19,-83
19,-83
19,-86
19,-85
19,-84
19,-83
19,-83
19,-84
19,-83
19,-83
19,-83
19,-84
19,-83
19,-83
19,-83
19,-83
19,-84
19,-85
19,-86
19,-87
19,-87
19,-84
19,-86
19,-84
19,-85
19,-84
19,-84
19,-84
19,-84
19,-83
19,-85
19,-84
19,-84
19,-84
19,-86
19,-85
19,-84
19,-86
19,-84
19,-83
19,-85
19,-87
19,-85
19,-86
19,-85
19,-84
19,-86
19,-86
19,-88
19,-86
19,-85
19,-87
19,-87
19,-84
19,-84
19,-88
19,-85
19,-87
19,-86
19,-86
19,-85
19,-84
19,-86
19,-85
19,-84
19,-84
19,-85
19,-86
19,-84
19,-84
19,-84
19,-84
19,-86
19,-85
19,-85
19,-85
19,-84
19,-85
19,-85
19,-85
19,-84
19,-86
19,-86
19,-85
19,-84
19,-84
19,-85
19,-86
19,-84
19,-84
19,-86
19,-84
19,-86
19,-85
19,-87
19,-86
19,-85
19,-86
19,-86
19,-86
20.1,-89
20.1,-86
20.1,-88
20.1,-88
20.1,-86
20.1,-87
20.1,-86
20.1,-88
20.1,-89
20.1,-88
20.1,-86
20.1,-86
20.1,-88
20.1,-88
20.1,-88
20.1,-87
20.1,-87
20.1,-87
20.1,-88
20.1,-89
20.1,-87
20.1,-88
20.1,-85
20.1,-85
20.1,-86
20.1,-87
20.1,-87
20.1,-88
20.1,-87
20.1,-86
20.1,-87
20.1,-86
20.1,-86
20.1,-86
20.1,-87
20.1,-86
20.1,-86
20.1,-87
20.1,-86
20.1,-86
20.1,-85
20.1,-86
20.1,-87
20.1,-86
20.1,-87
20.1,-85
20.1,-85
20.1,-86
20.1,-85
20.1,-84
20.1,-82
20.1,-84
20.1,-84
20.1,-84
20.1,-84
20.1,-85
20.1,-84
20.1,-84
20.1,-86
20.1,-85
20.1,-86
20.1,-87
20.1,-87
20.1,-87
20.1,-87
20.1,-85
20.1,-87
20.1,-86
20.1,-85
20.1,-85
20.1,-86
20.1,-85
20.1,-86
20.1,-89
20.1,-87
20.1,-85
20.1,-87
20.1,-86
20.1,-87
20.1,-86
20.1,-84
20.1,-85
20.1,-85
20.1,-83
20.1,-84
20.1,-85
20.1,-86
20.1,-84
20.1,-85
20.1,-87
20.1,-86
20.1,-86
20.1,-87
20.1,-88
20.1,-89
20.1,-85
20.1,-86
20.1,-88
20.1,-86
20.1,-86
20.1,-85
20.1,-87
20.1,-86
20.1,-89
20.1,-86
20.1,-86
20.1,-87
20.1,-86
20.1,-89
20.1,-87
20.1,-87
20.1,-87
20.1,-87
20.1,-87
20.1,-86
20.1,-84
20.1,-84
20.1,-86
20.1,-89
20.1,-88
20.1,-88
20.1,-89
20.1,-90
20.1,-87
20.1,-87
20.1,-87
20.1,-87
20.1,-87
20.1,-86
20.1,-85
20.1,-85
20.1,-86
20.1,-86
20.1,-88
20.1,-87
20.1,-89
20.1,-87
20.1,-85
20.1,-86
20.1,-84
20.1,-84
20.1,-85
20.1,-86
20.1,-87
20.1,-87
20.1,-86
20.1,-86
20.1,-87
20.1,-86
20.1,-85
20.1,-85
20.1,-85
20.1,-90
20.1,-88
20.1,-90
20.1,-88
20.1,-88
20.1,-89
20.1,-88
20.1,-86
20.1,-85
20.1,-86
20.1,-87
20.1,-88
20.1,-86
20.1,-88
20.1,-86
20.1,-86
20.1,-87
20.1,-86
20.1,-88
20.1,-85
20.1,-86
20.1,-88
21,-88
21,-91
21,-89
21,-88
21,-86
21,-85
21,-87
21,-85
21,-85
21,-84
21,-82
21,-84
21,-84
21,-85
21,-83
21,-85
21,-85
21,-89
21,-88
21,-88
21,-87
21,-89
21,-89
21,-85
21,-88
21,-86
21,-84
21,-85
21,-85
21,-84
21,-85
21,-86
21,-87
21,-87
21,-86
21,-86
21,-87
21,-85
21,-87
21,-87
21,-86
21,-86
21,-86
21,-88
21,-85
21,-83
21,-86
21,-86
21,-88
21,-86
21,-88
21,-86
21,-85
21,-85
21,-84
21,-85
21,-86
21,-87
21,-86
21,-89
21,-84
21,-84
21,-83
21,-85
21,-86
21,-85
21,-85
21,-85
21,-83
21,-85
21,-85
21,-86
21,-85
21,-85
21,-85
21,-87
21,-89
21,-90
21,-89
21,-86
21,-86
21,-85
21,-85
21,-87
21,-87
21,-87
21,-87
21,-88
21,-86
21,-91
21,-88
21,-89
21,-86
21,-89
21,-89
21,-88
21,-88
21,-87
21,-89
21,-89
21,-91
21,-90
21,-89
21,-88
21,-87
21,-87
21,-85
21,-84
21,-84
21,-85
21,-84
21,-85
21,-85
21,-85
21,-88
21,-89
21,-92
21,-88
21,-88
21,-88
21,-89
21,-92
21,-92
21,-89
21,-88
21,-89
21,-86
21,-85
21,-87
21,-90
21,-86
21,-87
21,-92
21,-89
21,-89
21,-88
21,-89
21,-90
21,-92
21,-88
21,-86
21,-87
21,-85
21,-85
21,-85
21,-86
21,-85
21,-86
21,-83
21,-84
21,-85
21,-85
21,-85
21,-85
21,-87
21,-87
21,-85
21,-86
21,-87
21,-87
21,-90
21,-88
21,-90
21,-86
21,-87
21,-85
21,-86
21,-84
21,-86
21,-82
21,-84
21,-83
21,-83
21,-83
21,-84
21,-85
21,-83
21,-87
21,-85
21,-84
21,-87
21,-85
21,-84
21,-83
21,-82
21,-83
21,-86
21,-83
21,-84
21,-84
21,-84
21,-82
21,-83
21,-84
21,-83
21,-84
21,-84
21,-85
21,-85